ticker,Sector,Market Value,Location,socialScore,governanceScore,environmentScore,totalEsg,percentile,peerSocialPerformance_min,peerSocialPerformance_avg,peerSocialPerformance_max,peerGovernancePerformance_min,peerGovernancePerformance_avg,peerGovernancePerformance_max,peerEnvironmentPerformance_min,peerEnvironmentPerformance_avg,peerEnvironmentPerformance_max,peerEsgScorePerformance_min,peerEsgScorePerformance_avg,peerEsgScorePerformance_max
AAPL,Information Technology,45249778.53,United States,7.69,8.94,0.1,16.73,11.77,2.39,6.449090909,12.2,3.72,7.539090909,14.1,0.04,3.244,10.02,7.24,17.05464286,26.59
MSFT,Information Technology,35945184.42,United States,9.37,4.9,0.47,14.74,7.55,3.9,10.49356436,17.93,4.18,7.276237624,33.22,0,0.988811881,3.67,10.19,18.86601942,45
AMZN,Consumer Discretionary,28086431.52,United States,12.52,9.78,5.13,27.42,47.67,3.85,7.463448276,12.52,2.99,5.877758621,10.25,0.03,2.99862069,7.06,9.6,16.51177419,27.42
FB,Communication,14039542.5,United States,17.93,12.28,1.4,31.61,63.13,3.9,10.49356436,17.93,4.18,7.276237624,33.22,0,0.988811881,3.67,10.19,18.86601942,45
GOOGL,Communication,13092946.12,United States,9.87,11.94,0.48,22.29,28.96,3.9,10.49356436,17.93,4.18,7.276237624,33.22,0,0.988811881,3.67,10.19,18.86601942,45
TSLA,Consumer Discretionary,11485618.56,United States,17.31,11.03,2.95,31.29,61.89,3.51,10.62921053,17.31,5.94,9.030263158,16.54,2.27,7.120526316,13.15,12.51,26.77789474,41.06
JPM,Financials,9874540.35,United States,16.07,10.79,1.04,27.9,49.44,3.89,11.8760119,17.68,5.79,12.22607143,18.65,0.02,1.772380952,3.58,11.65,26.2204,42.58
JNJ,Health Care,9025068.78,United States,19.83,9.82,0.74,30.39,58.75,3.6,16.082,23.67,5.23,9.976375,17.67,0.01,1.212875,3.1,11.18,27.7054878,49.3
V,Information Technology,7935239.07,United States,9.83,7.43,0.11,17.36,13.3,3.9,10.49356436,17.93,4.18,7.276237624,33.22,0,0.988811881,3.67,10.19,18.86601942,45
DIS,Communication,7603593.44,United States,8.06,8.13,0.03,16.22,10.47,2.83,7.254,11.39,4.8,7.47025,10.45,0.02,0.52825,3.99,7.71,15.26560976,22.22
MA,Information Technology,7363005.12,United States,7.68,8.57,0.06,16.31,10.74,3.9,10.49356436,17.93,4.18,7.276237624,33.22,0,0.988811881,3.67,10.19,18.86601942,45
UNH,Health Care,7158638.52,United States,15.39,5.87,0.03,21.29,25.47,5.37,12.44262295,22.18,4.44,8.308852459,12.41,0.02,2.474918033,5.93,11.65,23.22688525,35.37
NVDA,Information Technology,6914853.25,United States,4.15,6.88,2.33,13.37,4.83,3.42,6.385757576,9.51,4.87,7.002727273,9.98,2.33,8.554848485,16.79,12.75,21.9430303,34.05
PG,Consumer Staples,6805066.48,United States,9.47,7.43,8.21,25.1,39.21,4.02,8.002068966,10.56,5.96,7.674137931,10,4.47,8.965172414,13.5,16.44,24.64206897,32.47
HD,Consumer Discretionary,6392493,United States,4.85,3.7,3.07,11.62,2.78,3.85,7.463448276,12.52,2.99,5.877758621,10.25,0.03,2.99862069,7.06,9.6,16.51177419,27.42
BAC,Financials,6174918.5,United States,13.93,10.74,1.62,26.29,43.83,3.89,11.8760119,17.68,5.79,12.22607143,18.65,0.02,1.772380952,3.58,11.65,26.2204,42.58
PYPL,Information Technology,6029517.6,United States,11.15,6.46,0.09,17.7,14.37,3.9,10.49356436,17.93,4.18,7.276237624,33.22,0,0.988811881,3.67,10.19,18.86601942,45
INTC,Information Technology,5757621.61,United States,6.06,6.23,3.84,16.14,10.29,3.42,6.385757576,9.51,4.87,7.002727273,9.98,2.33,8.554848485,16.79,12.75,21.9430303,34.05
CMCSA,Communication,5503147.21,United States,9.3,8.92,1.22,19.43,19.4,2.83,7.254,11.39,4.8,7.47025,10.45,0.02,0.52825,3.99,7.71,15.26560976,22.22
XOM,Energy,5304355.65,United States,10.57,8.24,16.29,35.11,74.21,2.06,10.48746269,19.31,5.24,8.780149254,14,5.62,18.44656716,29.53,14.51,37.98704225,56.44
NFLX,Communication,4929368.75,United States,6.75,10.45,0.16,17.36,13.28,2.83,7.254,11.39,4.8,7.47025,10.45,0.02,0.52825,3.99,7.71,15.26560976,22.22
VZ,Communication,4799172.56,United States,10.2,6.18,1.71,18.09,15.47,5.72,10.60936508,15.43,3.61,7.358095238,9.35,1.22,4.267301587,7.87,12.67,22.42119403,31.07
ADBE,Information Technology,4683581.76,United States,5.65,4.74,0.48,10.88,2.24,3.9,10.49356436,17.93,4.18,7.276237624,33.22,0,0.988811881,3.67,10.19,18.86601942,45
CVX,Energy,4574603.25,United States,11.98,9.98,18.34,40.29,85.26,2.06,10.48746269,19.31,5.24,8.780149254,14,5.62,18.44656716,29.53,14.51,37.98704225,56.44
ABT,Health Care,4503861.6,United States,16.21,10.65,2.98,29.85,56.59,5.37,12.44262295,22.18,4.44,8.308852459,12.41,0.02,2.474918033,5.93,11.65,23.22688525,35.37
KO,Consumer Staples,4407971.4,United States,10.81,5.07,9.2,25.08,39.08,4.37,11.3125,19.94,3.33,6.481630435,14.87,2.99,9.684673913,19.37,12.05,27.71115789,47.58
T,Communication,4395549.73,United States,10.9,6.32,1.85,19.07,18.13,5.72,10.60936508,15.43,3.61,7.358095238,9.35,1.22,4.267301587,7.87,12.67,22.42119403,31.07
CSCO,Information Technology,4390276.14,United States,5.94,6.08,0.54,12.55,3.81,2.39,6.449090909,12.2,3.72,7.539090909,14.1,0.04,3.244,10.02,7.24,17.05464286,26.59
PFE,Health Care,4242436.69,United States,13.07,10.44,1.75,25.26,39.79,3.6,16.082,23.67,5.23,9.976375,17.67,0.01,1.212875,3.1,11.18,27.7054878,49.3
ABBV,Health Care,4168269.04,United States,17.09,11.33,0.65,29.07,53.8,3.6,16.082,23.67,5.23,9.976375,17.67,0.01,1.212875,3.1,11.18,27.7054878,49.3
MRK,Health Care,4132656.99,United States,11.31,10.78,0.9,22.98,31.22,3.6,16.082,23.67,5.23,9.976375,17.67,0.01,1.212875,3.1,11.18,27.7054878,49.3
CRM,Information Technology,4129171.2,United States,6.49,4.27,0.47,11.23,2.44,3.9,10.49356436,17.93,4.18,7.276237624,33.22,0,0.988811881,3.67,10.19,18.86601942,45
AVGO,Information Technology,4066982.03,United States,8.66,7.93,8.96,25.54,40.9,3.42,6.385757576,9.51,4.87,7.002727273,9.98,2.33,8.554848485,16.79,12.75,21.9430303,34.05
WMT,Consumer Staples,4041060.98,United States,17.2,6.91,3.4,27.51,47.99,4.83,9.694864865,17.2,4.14,6.072972973,7.79,1.92,5.261351351,9.71,11.8,21.25815789,29.74
TMO,Health Care,3824970.54,United States,6.03,6.46,1.52,14.01,6.06,3.6,16.082,23.67,5.23,9.976375,17.67,0.01,1.212875,3.1,11.18,27.7054878,49.3
PEP,Consumer Staples,3772597.77,United States,7.79,4.82,5.15,17.76,14.57,4.37,11.3125,19.94,3.33,6.481630435,14.87,2.99,9.684673913,19.37,12.05,27.71115789,47.58
NKE,Consumer Discretionary,3768295.06,United States,5.56,6.95,2.29,14.8,7.65,3.85,6.1715,8.85,4.66,5.861,8.93,0.04,1.328,4.11,9.64,13.65285714,19.52
ACN,Information Technology,3582262.04,United States,4.98,5.78,0.55,11.31,2.51,3.9,10.49356436,17.93,4.18,7.276237624,33.22,0,0.988811881,3.67,10.19,18.86601942,45
LLY,Health Care,3527644.84,United States,18.47,10.27,1.77,30.51,59.22,3.6,16.082,23.67,5.23,9.976375,17.67,0.01,1.212875,3.1,11.18,27.7054878,49.3
MCD,Consumer Discretionary,3489881.8,United States,14.65,5.56,3.67,23.88,34.7,6.81,10.72069767,17.33,3.19,6.826046512,13.48,0.09,5.08372093,14.02,12.1,22.74666667,30.19
MDT,Health Care,3363366.2,United States,14.03,7.73,2.57,24.34,36.34,5.37,12.44262295,22.18,4.44,8.308852459,12.41,0.02,2.474918033,5.93,11.65,23.22688525,35.37
TXN,Information Technology,3351975.24,United States,5.49,5.63,6.44,17.56,13.85,3.42,6.385757576,9.51,4.87,7.002727273,9.98,2.33,8.554848485,16.79,12.75,21.9430303,34.05
C,Financials,3268574.58,United States,11.43,13.43,1.47,26.34,43.97,3.89,11.8760119,17.68,5.79,12.22607143,18.65,0.02,1.772380952,3.58,11.65,26.2204,42.58
QCOM,Information Technology,3193323.12,United States,3.49,9.31,6.39,19.19,18.51,3.42,6.385757576,9.51,4.87,7.002727273,9.98,2.33,8.554848485,16.79,12.75,21.9430303,34.05
WFC,Financials,3176476.4,United States,14.74,15.25,1.25,31.25,61.74,3.89,11.8760119,17.68,5.79,12.22607143,18.65,0.02,1.772380952,3.58,11.65,26.2204,42.58
COST,Consumer Staples,3163972.23,United States,10.94,6.11,5.32,22.37,29.22,4.83,9.694864865,17.2,4.14,6.072972973,7.79,1.92,5.261351351,9.71,11.8,21.25815789,29.74
HON,Industrials,3075012.6,United States,11.87,8.59,10.3,30.76,60.09,6.28,15.25342857,20.01,5.53,11.10942857,17.67,8.97,16.13685714,21.41,28.04,42.49885714,54.52
NEE,Utilities,3049497.6,United States,8.78,5.56,14.73,29.07,53.84,2.88,10.80970874,29.63,3.77,6.713106796,10.58,1.82,13.91543689,28.88,9.36,31.41775701,67.39
UNP,Industrials,3032674.2,United States,11,3.58,7.59,22.17,28.53,4.94,10.80288889,17.57,2.72,5.473777778,7.53,3.45,8.212888889,13.36,13.89,24.8875,39.23
DHR,Health Care,3031490,United States,18.08,9.86,4.74,32.69,66.68,5.37,12.44262295,22.18,4.44,8.308852459,12.41,0.02,2.474918033,5.93,11.65,23.22688525,35.37
BA,Industrials,2998697.07,United States,19.66,8.81,7.79,36.25,77.04,9.94,16.39434783,20.83,4.76,7.369565217,10.08,5.27,8.840434783,11.25,23.98,32.6026087,39.59
BMY,Health Care,2986562.11,United States,15.2,7.4,0.03,22.63,30.06,3.6,16.082,23.67,5.23,9.976375,17.67,0.01,1.212875,3.1,11.18,27.7054878,49.3
AMGN,Health Care,2964837.4,United States,12.78,6.3,0.03,19.11,18.28,3.6,16.082,23.67,5.23,9.976375,17.67,0.01,1.212875,3.1,11.18,27.7054878,49.3
PM,Consumer Staples,2881953.92,United States,11.32,9.31,3.79,24.41,36.61,4.37,11.3125,19.94,3.33,6.481630435,14.87,2.99,9.684673913,19.37,12.05,27.71115789,47.58
ORCL,Information Technology,2847436.93,United States,11.18,6.57,0.43,18.18,15.72,3.9,10.49356436,17.93,4.18,7.276237624,33.22,0,0.988811881,3.67,10.19,18.86601942,45
LOW,Consumer Discretionary,2805316.8,United States,4.87,3.34,4.33,12.54,3.79,3.85,7.463448276,12.52,2.99,5.877758621,10.25,0.03,2.99862069,7.06,9.6,16.51177419,27.42
RY,Financials,2794461.88,Canada,9.98,5.79,1.17,16.94,12.29,3.89,11.8760119,17.68,5.79,12.22607143,18.65,0.02,1.772380952,3.58,11.65,26.2204,42.58
CAT,Industrials,2694350.98,United States,19.63,8.89,10.72,39.25,83.62,5.87,12.63,19.63,3.95,7.810943396,10.74,1.98,7.326603774,12.66,15.64,28.0762963,44.46
SBUX,Consumer Discretionary,2593671.3,United States,13.53,4.63,2.59,20.76,23.72,6.81,10.72069767,17.33,3.19,6.826046512,13.48,0.09,5.08372093,14.02,12.1,22.74666667,30.19
TD,Financials,2576982.3,Canada,10.44,7.48,1.17,19.09,18.2,3.89,11.8760119,17.68,5.79,12.22607143,18.65,0.02,1.772380952,3.58,11.65,26.2204,42.58
GE,Industrials,2542801.2,United States,15.72,11.49,15.44,42.65,89.12,6.28,15.25342857,20.01,5.53,11.10942857,17.67,8.97,16.13685714,21.41,28.04,42.49885714,54.52
MS,Financials,2472108.94,United States,12.47,9.4,0.81,22.68,30.28,1.7,9.069777778,16.34,4.82,10.30411111,17.57,0.03,1.442777778,3.4,9.34,21.20516129,36.49
UPS,Industrials,2457490.4,United States,9.23,5.68,5.59,20.5,23.01,4.94,10.80288889,17.57,2.72,5.473777778,7.53,3.45,8.212888889,13.36,13.89,24.8875,39.23
GS,Financials,2426848.65,United States,14.17,12.98,0.75,27.9,49.44,1.7,9.069777778,16.34,4.82,10.30411111,17.57,0.03,1.442777778,3.4,9.34,21.20516129,36.49
BLK,Financials,2382080.13,United States,10.43,10.89,1.47,22.8,30.64,1.7,9.069777778,16.34,4.82,10.30411111,17.57,0.03,1.442777778,3.4,9.34,21.20516129,36.49
IBM,Information Technology,2371915.26,United States,10.08,7.39,0.41,17.88,14.92,3.9,10.49356436,17.93,4.18,7.276237624,33.22,0,0.988811881,3.67,10.19,18.86601942,45
AMAT,Information Technology,2354580.48,United States,3.92,5.51,5.33,14.75,7.56,3.42,6.385757576,9.51,4.87,7.002727273,9.98,2.33,8.554848485,16.79,12.75,21.9430303,34.05
MMM,Industrials,2323214.28,United States,14,8.45,12.79,35.24,74.53,6.28,15.25342857,20.01,5.53,11.10942857,17.67,8.97,16.13685714,21.41,28.04,42.49885714,54.52
DE,Industrials,2313232.23,United States,9.56,3.95,4.39,17.89,14.97,5.87,12.63,19.63,3.95,7.810943396,10.74,1.98,7.326603774,12.66,15.64,28.0762963,44.46
ALV,Financials,2293485.76,Germany,5.46,7.01,5.24,17.72,14.46,2.59,7.127826087,13.51,5.15,7.378695652,10.59,1.58,4.629565217,7.48,8.09,18.94576923,28.79
INTU,Information Technology,2221907.16,United States,9.98,5.65,1.11,16.74,11.8,3.9,10.49356436,17.93,4.18,7.276237624,33.22,0,0.988811881,3.67,10.19,18.86601942,45
SCHW,Financials,2157244.12,United States,10.61,12.56,2.11,25.27,39.9,1.7,9.069777778,16.34,4.82,10.30411111,17.57,0.03,1.442777778,3.4,9.34,21.20516129,36.49
BKNG,Consumer Discretionary,2151639,United States,9.68,6.33,3.88,19.89,20.81,3.85,7.463448276,12.52,2.99,5.877758621,10.25,0.03,2.99862069,7.06,9.6,16.51177419,27.42
MU,Information Technology,2136220.55,United States,4.2,6.41,7.21,17.82,14.72,3.42,6.385757576,9.51,4.87,7.002727273,9.98,2.33,8.554848485,16.79,12.75,21.9430303,34.05
AXP,Financials,2117684.93,United States,9.93,9.82,0.05,19.79,20.53,1.7,9.069777778,16.34,4.82,10.30411111,17.57,0.03,1.442777778,3.4,9.34,21.20516129,36.49
NOW,Information Technology,2115743.43,United States,9.18,6.41,1.46,17.05,12.59,3.9,10.49356436,17.93,4.18,7.276237624,33.22,0,0.988811881,3.67,10.19,18.86601942,45
CVS,Health Care,2083866.12,United States,13.07,4.77,3.13,20.97,24.44,4.83,9.694864865,17.2,4.14,6.072972973,7.79,1.92,5.261351351,9.71,11.8,21.25815789,29.74
SQ,Information Technology,2066617.98,United States,12.03,8.55,0.16,20.74,23.69,3.9,10.49356436,17.93,4.18,7.276237624,33.22,0,0.988811881,3.67,10.19,18.86601942,45
AMT,Real Estate,2055772.41,United States,3.78,4.96,3.73,12.48,3.66,0.88,4.990283019,10.51,3.27,6.285660377,10.7,0.49,3.953301887,8.91,6.36,15.24453704,26.61
FIS,Information Technology,1989341.75,United States,11.68,6.8,0.11,18.58,16.89,3.9,10.49356436,17.93,4.18,7.276237624,33.22,0,0.988811881,3.67,10.19,18.86601942,45
CHTR,Communication,1960625,United States,10.27,8.18,1.92,20.38,22.6,2.83,7.254,11.39,4.8,7.47025,10.45,0.02,0.52825,3.99,7.71,15.26560976,22.22
TGT,Consumer Discretionary,1957328.8,United States,7.63,5.34,2.08,15.04,8.1,3.85,7.463448276,12.52,2.99,5.877758621,10.25,0.03,2.99862069,7.06,9.6,16.51177419,27.42
CSL,Health Care,1947587.34,Australia,16.64,8.95,19.6,45.19,92.49,6.28,15.25342857,20.01,5.53,11.10942857,17.67,8.97,16.13685714,21.41,28.04,42.49885714,54.52
MO,Consumer Staples,1945055.84,United States,13.02,6.54,5.81,25.36,40.26,4.37,11.3125,19.94,3.33,6.481630435,14.87,2.99,9.684673913,19.37,12.05,27.71115789,47.58
CI,Health Care,1925132.58,United States,5.99,5.65,0.02,11.65,2.83,5.37,12.44262295,22.18,4.44,8.308852459,12.41,0.02,2.474918033,5.93,11.65,23.22688525,35.37
SPGI,Financials,1897694.51,United States,5.77,5.37,1.57,12.71,3.97,1.7,9.069777778,16.34,4.82,10.30411111,17.57,0.03,1.442777778,3.4,9.34,21.20516129,36.49
ISRG,Health Care,1886163.96,United States,14.17,10.58,4.97,29.72,56.21,5.37,12.44262295,22.18,4.44,8.308852459,12.41,0.02,2.474918033,5.93,11.65,23.22688525,35.37
LMT,Industrials,1883084.76,United States,15.79,7.67,5.27,28.72,52.56,9.94,16.39434783,20.83,4.76,7.369565217,10.08,5.27,8.840434783,11.25,23.98,32.6026087,39.59
ANTM,Health Care,1819635.48,United States,6.97,5.27,0.03,12.27,3.45,5.37,12.44262295,22.18,4.44,8.308852459,12.41,0.02,2.474918033,5.93,11.65,23.22688525,35.37
TJX,Consumer Discretionary,1782532.12,United States,7.19,5.34,2.03,14.56,7.22,3.85,7.463448276,12.52,2.99,5.877758621,10.25,0.03,2.99862069,7.06,9.6,16.51177419,27.42
ADP,Information Technology,1754284.24,United States,7.07,5.44,0.07,12.58,3.84,3.9,10.49356436,17.93,4.18,7.276237624,33.22,0,0.988811881,3.67,10.19,18.86601942,45
SYK,Health Care,1714563.75,United States,17.68,11.69,5.06,34.43,72.17,5.37,12.44262295,22.18,4.44,8.308852459,12.41,0.02,2.474918033,5.93,11.65,23.22688525,35.37
MDLZ,Consumer Staples,1708029.35,United States,10.78,5.16,7.56,23.5,33.09,4.37,11.3125,19.94,3.33,6.481630435,14.87,2.99,9.684673913,19.37,12.05,27.71115789,47.58
SU,Industrials,1692855.9,France,6.84,6.39,17.19,30.42,58.85,2.06,10.48746269,19.31,5.24,8.780149254,14,5.62,18.44656716,29.53,14.51,37.98704225,56.44
LRCX,Information Technology,1687005.25,United States,4.52,5.1,5.11,14.74,7.54,3.42,6.385757576,9.51,4.87,7.002727273,9.98,2.33,8.554848485,16.79,12.75,21.9430303,34.05
COP,Energy,1680300.56,United States,9.83,6.99,18.58,35.39,74.89,2.06,10.48746269,19.31,5.24,8.780149254,14,5.62,18.44656716,29.53,14.51,37.98704225,56.44
GILD,Health Care,1664480.37,United States,14.66,8.17,0.03,22.86,30.88,3.6,16.082,23.67,5.23,9.976375,17.67,0.01,1.212875,3.1,11.18,27.7054878,49.3
PLD,Real Estate,1636154.82,United States,3.38,3.9,2.44,9.73,1.63,0.88,4.990283019,10.51,3.27,6.285660377,10.7,0.49,3.953301887,8.91,6.36,15.24453704,26.61
CME,Financials,1605811.2,United States,6.64,5.97,1.91,14.52,7.15,1.7,9.069777778,16.34,4.82,10.30411111,17.57,0.03,1.442777778,3.4,9.34,21.20516129,36.49
BNS,Financials,1595380.32,Canada,9.59,9.38,1.45,20.42,22.76,3.89,11.8760119,17.68,5.79,12.22607143,18.65,0.02,1.772380952,3.58,11.65,26.2204,42.58
PNC,Financials,1593380.25,United States,12.39,8.69,1.77,22.86,30.85,3.89,11.8760119,17.68,5.79,12.22607143,18.65,0.02,1.772380952,3.58,11.65,26.2204,42.58
ZTS,Health Care,1584168.04,United States,10.33,11.45,2.34,24.11,35.44,3.6,16.082,23.67,5.23,9.976375,17.67,0.01,1.212875,3.1,11.18,27.7054878,49.3
ENB,Energy,1570235.36,Canada,9.75,3.87,11.09,24.71,37.71,5.12,8.647837838,14.31,3.23,5.166486486,7.6,7.91,15.16,22.52,18.31,30.17076923,52.3
FISV,Information Technology,1569840,United States,12.1,7.28,0.15,19.53,19.73,3.9,10.49356436,17.93,4.18,7.276237624,33.22,0,0.988811881,3.67,10.19,18.86601942,45
GM,Consumer Discretionary,1557253.38,United States,12.68,7.94,9.95,30.57,59.43,3.51,10.62921053,17.31,5.94,9.030263158,16.54,2.27,7.120526316,13.15,12.51,26.77789474,41.06
CB,Financials,1556651.2,United States,11.23,10.74,1.62,23.59,33.48,4.87,9.175208333,15.42,5.9,12.0834375,17.51,0.07,1.590729167,3.32,13.16,23.0622449,38.72
USB,Financials,1535029.26,United States,13.49,12.22,1.39,27.1,46.62,3.89,11.8760119,17.68,5.79,12.22607143,18.65,0.02,1.772380952,3.58,11.65,26.2204,42.58
ATVI,Communication,1530264.75,United States,10.66,6.22,0.15,17.04,12.54,3.9,10.49356436,17.93,4.18,7.276237624,33.22,0,0.988811881,3.67,10.19,18.86601942,45
ITW,Industrials,1517976.39,United States,8.79,6.45,4.24,19.47,19.5,5.87,12.63,19.63,3.95,7.810943396,10.74,1.98,7.326603774,12.66,15.64,28.0762963,44.46
CSX,Industrials,1511571.6,United States,9.38,3.61,5.31,18.31,16.07,4.94,10.80288889,17.57,2.72,5.473777778,7.53,3.45,8.212888889,13.36,13.89,24.8875,39.23
TMUS,Communication,1491730.62,United States,14.6,7.82,4.66,27.09,46.55,5.72,10.60936508,15.43,3.61,7.358095238,9.35,1.22,4.267301587,7.87,12.67,22.42119403,31.07
CCI,Real Estate,1490852.66,United States,4.19,5.26,8.91,18.36,16.21,0.88,4.990283019,10.51,3.27,6.285660377,10.7,0.49,3.953301887,8.91,6.36,15.24453704,26.61
NSC,Industrials,1455169.57,United States,12.37,3.41,7.85,23.63,33.7,4.94,10.80288889,17.57,2.72,5.473777778,7.53,3.45,8.212888889,13.36,13.89,24.8875,39.23
BDX,Health Care,1421447.04,United States,15.69,9.5,3.37,28.57,51.85,5.37,12.44262295,22.18,4.44,8.308852459,12.41,0.02,2.474918033,5.93,11.65,23.22688525,35.37
FDX,Industrials,1417666.56,United States,10.02,5.99,5.25,21.26,25.34,4.94,10.80288889,17.57,2.72,5.473777778,7.53,3.45,8.212888889,13.36,13.89,24.8875,39.23
ICE,Financials,1400989.58,United States,6.76,7.42,1.53,15.71,9.43,1.7,9.069777778,16.34,4.82,10.30411111,17.57,0.03,1.442777778,3.4,9.34,21.20516129,36.49
DUK,Utilities,1387165.92,United States,11.57,5.78,15.61,32.96,67.65,2.88,10.80970874,29.63,3.77,6.713106796,10.58,1.82,13.91543689,28.88,9.36,31.41775701,67.39
ADS,Consumer Discretionary,1384495.2,Germany,11.8,5.68,0.12,17.6,13.92,3.9,10.49356436,17.93,4.18,7.276237624,33.22,0,0.988811881,3.67,10.19,18.86601942,45
CL,Consumer Staples,1381235.68,United States,9.37,5.96,6.79,22.12,28.29,4.02,8.002068966,10.56,5.96,7.674137931,10,4.47,8.965172414,13.5,16.44,24.64206897,32.47
EL,Consumer Staples,1371308.8,United States,9.32,8.05,6.9,24.28,36.07,4.02,8.002068966,10.56,5.96,7.674137931,10,4.47,8.965172414,13.5,16.44,24.64206897,32.47
SO,Utilities,1369610.8,United States,12.25,6.66,13.01,31.91,64.21,2.88,10.80970874,29.63,3.77,6.713106796,10.58,1.82,13.91543689,28.88,9.36,31.41775701,67.39
GPN,Information Technology,1365509.25,United States,10.95,7.4,0.16,18.51,16.64,3.9,10.49356436,17.93,4.18,7.276237624,33.22,0,0.988811881,3.67,10.19,18.86601942,45
DTE,Communication,1355223.48,Germany,9.4,6.2,15.54,31.14,61.39,2.88,10.80970874,29.63,3.77,6.713106796,10.58,1.82,13.91543689,28.88,9.36,31.41775701,67.39
ADSK,Information Technology,1345988.6,United States,9.22,4.76,1.37,15.34,8.65,3.9,10.49356436,17.93,4.18,7.276237624,33.22,0,0.988811881,3.67,10.19,18.86601942,45
ILMN,Health Care,1343763.04,United States,3.6,6.36,1.22,11.18,2.4,3.6,16.082,23.67,5.23,9.976375,17.67,0.01,1.212875,3.1,11.18,27.7054878,49.3
APD,Materials,1320307.52,United States,1.43,3.65,6.06,11.15,2.39,0.84,6.848831169,17.44,3.52,7.890909091,11.23,4.38,13.58038961,22.11,10.01,28.30820513,48.49
COF,Financials,1305049.2,United States,13.46,9.63,0.06,23.15,31.88,1.7,9.069777778,16.34,4.82,10.30411111,17.57,0.03,1.442777778,3.4,9.34,21.20516129,36.49
ETN,Industrials,1295024,United States,6.63,5.72,4.66,17.01,12.46,4.14,8.959444444,14.56,4.36,7.355,10.49,2.18,5.605555556,9.71,12.53,22.70157895,36.78
SHW,Materials,1282659.33,United States,11.06,5.75,12.76,29.56,55.68,0.84,6.848831169,17.44,3.52,7.890909091,11.23,4.38,13.58038961,22.11,10.01,28.30820513,48.49
D,Utilities,1265465.58,United States,8.96,6.2,13.97,29.13,54.01,2.88,10.80970874,29.63,3.77,6.713106796,10.58,1.82,13.91543689,28.88,9.36,31.41775701,67.39
EQIX,Real Estate,1264779.95,United States,5.35,5.48,5.37,16.21,10.44,0.88,4.990283019,10.51,3.27,6.285660377,10.7,0.49,3.953301887,8.91,6.36,15.24453704,26.61
DG,Industrials,1251324.02,France,8.49,5.08,3.25,16.82,11.98,3.85,7.463448276,12.52,2.99,5.877758621,10.25,0.03,2.99862069,7.06,9.6,16.51177419,27.42
VRTX,Health Care,1251126.4,United States,17.22,7.46,0.15,24.84,38.14,3.6,16.082,23.67,5.23,9.976375,17.67,0.01,1.212875,3.1,11.18,27.7054878,49.3
MMC,Financials,1240066.38,United States,8.36,10.92,0.11,19.38,19.24,4.87,9.175208333,15.42,5.9,12.0834375,17.51,0.07,1.590729167,3.32,13.16,23.0622449,38.72
ADI,Information Technology,1229895,United States,7.53,7.24,10.97,25.75,41.55,3.42,6.385757576,9.51,4.87,7.002727273,9.98,2.33,8.554848485,16.79,12.75,21.9430303,34.05
ECL,Materials,1226101.41,United States,8.64,6.59,10.58,25.82,41.9,0.84,6.848831169,17.44,3.52,7.890909091,11.23,4.38,13.58038961,22.11,10.01,28.30820513,48.49
NXPI,Information Technology,1223449.2,United States,6.61,5.07,7.75,19.43,19.39,3.42,6.385757576,9.51,4.87,7.002727273,9.98,2.33,8.554848485,16.79,12.75,21.9430303,34.05
WM,Industrials,1213815.38,United States,3.61,3.58,7.69,14.89,7.84,2.46,10.0521875,17.29,3.14,5.4971875,9.24,0,2.8321875,15.43,7.91,18.6730303,28.01
BMO,Financials,1192345.14,Canada,7.41,7.41,1.95,16.77,11.85,3.89,11.8760119,17.68,5.79,12.22607143,18.65,0.02,1.772380952,3.58,11.65,26.2204,42.58
HUM,Health Care,1177167.94,United States,17.54,5.52,0.1,23.16,31.92,5.37,12.44262295,22.18,4.44,8.308852459,12.41,0.02,2.474918033,5.93,11.65,23.22688525,35.37
EMR,Industrials,1172231.56,United States,14.25,6.87,9.23,30.34,58.58,5.87,12.63,19.63,3.95,7.810943396,10.74,1.98,7.326603774,12.66,15.64,28.0762963,44.46
FCX,Materials,1160507.04,United States,12.06,5.29,16.71,34.06,71.16,6.09,12.70692308,21.21,3.41,8.049615385,13.83,7.94,17.05423077,26.16,18.7,37.97851852,61.2
PRU,Financials,1151321.18,United Kingdom,11.21,8.64,0.62,20.47,22.91,4.87,9.175208333,15.42,5.9,12.0834375,17.51,0.07,1.590729167,3.32,13.16,23.0622449,38.72
MCO,Financials,1147809.6,United States,5.86,5.67,0.03,11.57,2.74,1.7,9.069777778,16.34,4.82,10.30411111,17.57,0.03,1.442777778,3.4,9.34,21.20516129,36.49
BSX,Health Care,1143585,United States,16.37,11.37,2.99,30.73,59.96,5.37,12.44262295,22.18,4.44,8.308852459,12.41,0.02,2.474918033,5.93,11.65,23.22688525,35.37
TWTR,Communication,1143455.6,United States,12.75,9.16,3,24.92,38.45,3.9,10.49356436,17.93,4.18,7.276237624,33.22,0,0.988811881,3.67,10.19,18.86601942,45
KLAC,Information Technology,1127079.2,United States,6.73,5.96,6.84,19.52,19.66,3.42,6.385757576,9.51,4.87,7.002727273,9.98,2.33,8.554848485,16.79,12.75,21.9430303,34.05
PGR,Financials,1121307.04,United States,9.27,11.8,1.75,22.81,30.7,4.87,9.175208333,15.42,5.9,12.0834375,17.51,0.07,1.590729167,3.32,13.16,23.0622449,38.72
CP,Industrials,1117606.34,Canada,8.43,2.72,5.91,17.05,12.57,4.94,10.80288889,17.57,2.72,5.473777778,7.53,3.45,8.212888889,13.36,13.89,24.8875,39.23
HCA,Health Care,1110062.34,United States,15.86,7.44,3.29,26.6,44.86,5.37,12.44262295,22.18,4.44,8.308852459,12.41,0.02,2.474918033,5.93,11.65,23.22688525,35.37
NEM,Materials,1103348.88,United States,11.12,4.91,9.42,25.45,40.61,2.9,11.36133333,26.62,4.58,6.339333333,13.85,0.07,12.38133333,22.84,9.37,30.08066667,63.31
EW,Health Care,1098473.32,United States,8.97,7.43,2.63,19.04,17.98,5.37,12.44262295,22.18,4.44,8.308852459,12.41,0.02,2.474918033,5.93,11.65,23.22688525,35.37
CFR,Consumer Discretionary,1096321,Switzerland,11.46,12.55,1.87,25.88,42.12,3.89,11.8760119,17.68,5.79,12.22607143,18.65,0.02,1.772380952,3.58,11.65,26.2204,42.58
AAL,Materials,1096020.7,United Kingdom,12.65,5.58,11.7,29.93,57.02,4.94,10.80288889,17.57,2.72,5.473777778,7.53,3.45,8.212888889,13.36,13.89,24.8875,39.23
BX,Financials,1089032.62,United States,12.77,13.76,2.8,29.33,54.68,1.7,9.069777778,16.34,4.82,10.30411111,17.57,0.03,1.442777778,3.4,9.34,21.20516129,36.49
JCI,Industrials,1065657.32,United States,2.52,6.12,9.04,17.67,14.2,1.16,2.879230769,5.78,5.32,6.373076923,8.87,5.24,8.980769231,13.9,11.81,18.23,24.92
IDXX,Health Care,1065002.52,United States,10.44,12.41,5.43,28.29,50.79,5.37,12.44262295,22.18,4.44,8.308852459,12.41,0.02,2.474918033,5.93,11.65,23.22688525,35.37
KMB,Consumer Staples,1043525.25,United States,7.11,6.89,8.16,22.16,28.46,4.02,8.002068966,10.56,5.96,7.674137931,10,4.47,8.965172414,13.5,16.44,24.64206897,32.47
F,Consumer Discretionary,1036648.8,United States,12.18,9.61,9.68,31.47,62.59,3.51,10.62921053,17.31,5.94,9.030263158,16.54,2.27,7.120526316,13.15,12.51,26.77789474,41.06
EL,Consumer Staples,1371308.8,United States,9.32,8.05,6.9,24.28,36.07,4.02,8.002068966,10.56,5.96,7.674137931,10,4.47,8.965172414,13.5,16.44,24.64206897,32.47
REGN,Health Care,1024500.98,United States,13.94,7.67,0.01,21.62,26.58,3.6,16.082,23.67,5.23,9.976375,17.67,0.01,1.212875,3.1,11.18,27.7054878,49.3
DG,Industrials,1251324.02,France,8.49,5.08,3.25,16.82,11.98,3.85,7.463448276,12.52,2.99,5.877758621,10.25,0.03,2.99862069,7.06,9.6,16.51177419,27.42
MET,Financials,1014710.94,United States,7.85,9.34,1.38,18.57,16.85,4.87,9.175208333,15.42,5.9,12.0834375,17.51,0.07,1.590729167,3.32,13.16,23.0622449,38.72
NOC,Industrials,1005884.6,United States,16.95,4.76,8.84,30.55,59.38,9.94,16.39434783,20.83,4.76,7.369565217,10.08,5.27,8.840434783,11.25,23.98,32.6026087,39.59
CMI,Industrials,989148.16,United States,8.17,5.95,3.72,17.83,14.76,5.87,12.63,19.63,3.95,7.810943396,10.74,1.98,7.326603774,12.66,15.64,28.0762963,44.46
TT,Industrials,987949.19,United States,2.13,5.36,7.12,14.6,7.29,1.16,2.879230769,5.78,5.32,6.373076923,8.87,5.24,8.980769231,13.9,11.81,18.23,24.92
HPQ,Information Technology,975735.1,United States,4.95,5.5,0.18,10.63,2.07,2.39,6.449090909,12.2,3.72,7.539090909,14.1,0.04,3.244,10.02,7.24,17.05464286,26.59
ROST,Consumer Discretionary,973097.36,United States,7.95,5.73,1.6,15.27,8.52,3.85,7.463448276,12.52,2.99,5.877758621,10.25,0.03,2.99862069,7.06,9.6,16.51177419,27.42
CM,Financials,953359.91,Canada,8.83,7.16,2.32,18.31,16.08,3.89,11.8760119,17.68,5.79,12.22607143,18.65,0.02,1.772380952,3.58,11.65,26.2204,42.58
MAR,Consumer Discretionary,941169.24,United States,10.95,3.93,10.07,24.95,38.55,6.81,10.72069767,17.33,3.19,6.826046512,13.48,0.09,5.08372093,14.02,12.1,22.74666667,30.19
ROP,Industrials,922820.46,United States,13.72,6,1.13,20.84,24.03,3.9,10.49356436,17.93,4.18,7.276237624,33.22,0,0.988811881,3.67,10.19,18.86601942,45
TROW,Financials,922566.64,United States,11.79,5.78,1.94,19.5,19.59,1.7,9.069777778,16.34,4.82,10.30411111,17.57,0.03,1.442777778,3.4,9.34,21.20516129,36.49
TRP,Energy,917889.94,Canada,7.94,3.59,11.29,22.82,30.71,5.12,8.647837838,14.31,3.23,5.166486486,7.6,7.91,15.16,22.52,18.31,30.17076923,52.3
CTSH,Information Technology,917312.44,United States,12.81,7.85,1.04,21.7,26.91,3.9,10.49356436,17.93,4.18,7.276237624,33.22,0,0.988811881,3.67,10.19,18.86601942,45
EOG,Energy,904738.12,United States,11.06,8.24,19.67,38.97,83.07,2.06,10.48746269,19.31,5.24,8.780149254,14,5.62,18.44656716,29.53,14.51,37.98704225,56.44
A,Health Care,902639.08,United States,9.44,6.26,0.87,16.57,11.4,3.6,16.082,23.67,5.23,9.976375,17.67,0.01,1.212875,3.1,11.18,27.7054878,49.3
CDNS,Information Technology,900942.57,United States,10.48,5.4,1.16,17.04,12.51,3.9,10.49356436,17.93,4.18,7.276237624,33.22,0,0.988811881,3.67,10.19,18.86601942,45
TEL,Information Technology,887311.14,United States,4.53,5.01,6.74,16.28,10.65,2.39,6.449090909,12.2,3.72,7.539090909,14.1,0.04,3.244,10.02,7.24,17.05464286,26.59
PH,Industrials,884897.1,United States,12.09,7.52,8.48,28.09,50.15,5.87,12.63,19.63,3.95,7.810943396,10.74,1.98,7.326603774,12.66,15.64,28.0762963,44.46
APH,Information Technology,882785.1,United States,6.02,7.7,10.02,23.74,34.13,2.39,6.449090909,12.2,3.72,7.539090909,14.1,0.04,3.244,10.02,7.24,17.05464286,26.59
DD,Materials,880937.64,United States,9.13,7.39,13.89,30.41,58.79,0.84,6.848831169,17.44,3.52,7.890909091,11.23,4.38,13.58038961,22.11,10.01,28.30820513,48.49
BIIB,Health Care,877158.36,United States,14.99,7.49,0.02,22.49,29.64,3.6,16.082,23.67,5.23,9.976375,17.67,0.01,1.212875,3.1,11.18,27.7054878,49.3
CMG,Consumer Discretionary,873538.68,United States,14.78,5.77,3.78,24.33,36.32,6.81,10.72069767,17.33,3.19,6.826046512,13.48,0.09,5.08372093,14.02,12.1,22.74666667,30.19
EBAY,Consumer Discretionary,871797.39,United States,11.76,8.01,1.62,21.39,25.77,3.9,10.49356436,17.93,4.18,7.276237624,33.22,0,0.988811881,3.67,10.19,18.86601942,45
GD,Industrials,868352.94,United States,20.19,7.56,9.86,37.61,80.46,9.94,16.39434783,20.83,4.76,7.369565217,10.08,5.27,8.840434783,11.25,23.98,32.6026087,39.59
AEP,Utilities,867066.64,United States,9.83,5.28,19.33,34.44,72.2,2.88,10.80970874,29.63,3.77,6.713106796,10.58,1.82,13.91543689,28.88,9.36,31.41775701,67.39
SYY,Consumer Staples,866694.88,United States,5.03,4.41,2.36,11.8,2.99,4.83,9.694864865,17.2,4.14,6.072972973,7.79,1.92,5.261351351,9.71,11.8,21.25815789,29.74
WDAY,Information Technology,865317.6,United States,6.33,6.23,1.18,13.75,5.56,3.9,10.49356436,17.93,4.18,7.276237624,33.22,0,0.988811881,3.67,10.19,18.86601942,45
INFO,Industrials,860316.2,United States,15.92,7.59,0.05,23.55,33.29,2.46,10.0521875,17.29,3.14,5.4971875,9.24,0,2.8321875,15.43,7.91,18.6730303,28.01
EA,Communication,860209.08,United States,7.25,5.32,0.13,12.7,3.96,3.9,10.49356436,17.93,4.18,7.276237624,33.22,0,0.988811881,3.67,10.19,18.86601942,45
CNQ,Energy,860039.88,Canada,8.2,8.47,16.6,33.26,68.64,2.06,10.48746269,19.31,5.24,8.780149254,14,5.62,18.44656716,29.53,14.51,37.98704225,56.44
MFC,Financials,858786.84,Canada,7.54,10.07,1.74,19.35,19.12,4.87,9.175208333,15.42,5.9,12.0834375,17.51,0.07,1.590729167,3.32,13.16,23.0622449,38.72
APTV,Consumer Discretionary,858598.94,United States,4.59,5.15,3.73,13.47,4.98,2.59,7.127826087,13.51,5.15,7.378695652,10.59,1.58,4.629565217,7.48,8.09,18.94576923,28.79
SRE,Utilities,855492,United States,10.28,5.61,14.07,29.96,57.19,2.88,10.80970874,29.63,3.77,6.713106796,10.58,1.82,13.91543689,28.88,9.36,31.41775701,67.39
MNST,Consumer Staples,854518.08,United States,10.55,5.43,12.57,28.55,51.8,4.37,11.3125,19.94,3.33,6.481630435,14.87,2.99,9.684673913,19.37,12.05,27.71115789,47.58
CPG,Consumer Discretionary,854176.98,United Kingdom,10.72,9.1,23.39,43.2,89.89,2.06,10.48746269,19.31,5.24,8.780149254,14,5.62,18.44656716,29.53,14.51,37.98704225,56.44
AIG,Financials,848608.7,United States,13.56,15.24,1.99,30.8,60.23,4.87,9.175208333,15.42,5.9,12.0834375,17.51,0.07,1.590729167,3.32,13.16,23.0622449,38.72
STZ,Consumer Staples,846574.38,United States,9.34,4.97,8.98,23.29,32.32,4.37,11.3125,19.94,3.33,6.481630435,14.87,2.99,9.684673913,19.37,12.05,27.71115789,47.58
AFL,Financials,840913.92,United States,7.86,12.94,2.46,23.26,32.2,4.87,9.175208333,15.42,5.9,12.0834375,17.51,0.07,1.590729167,3.32,13.16,23.0622449,38.72
PSX,Energy,840453.12,United States,8.08,5.38,18.18,31.63,63.15,5.12,8.647837838,14.31,3.23,5.166486486,7.6,7.91,15.16,22.52,18.31,30.17076923,52.3
BAX,Health Care,835396.73,United States,16.22,9.28,2.49,27.99,49.8,5.37,12.44262295,22.18,4.44,8.308852459,12.41,0.02,2.474918033,5.93,11.65,23.22688525,35.37
LULU,Consumer Discretionary,834519.6,United States,6.41,5.67,1.12,13.2,4.61,3.85,6.1715,8.85,4.66,5.861,8.93,0.04,1.328,4.11,9.64,13.65285714,19.52
MCHP,Information Technology,822580,United States,9.44,8.76,15.85,34.05,71.12,3.42,6.385757576,9.51,4.87,7.002727273,9.98,2.33,8.554848485,16.79,12.75,21.9430303,34.05
PSA,Real Estate,822492.16,United States,4.25,5.48,4.92,14.65,7.4,0.88,4.990283019,10.51,3.27,6.285660377,10.7,0.49,3.953301887,8.91,6.36,15.24453704,26.61
MPC,Energy,816636.04,United States,6.71,5.25,15.73,27.69,48.62,5.12,8.647837838,14.31,3.23,5.166486486,7.6,7.91,15.16,22.52,18.31,30.17076923,52.3
EXC,Utilities,814344.16,United States,8.86,6.53,8.75,24.15,35.6,2.88,10.80970874,29.63,3.77,6.713106796,10.58,1.82,13.91543689,28.88,9.36,31.41775701,67.39
WBA,Consumer Staples,811987.5,United States,10.92,4.65,1.92,17.49,13.7,4.83,9.694864865,17.2,4.14,6.072972973,7.79,1.92,5.261351351,9.71,11.8,21.25815789,29.74
CNC,Health Care,808361.6,United States,15.92,6.66,0.14,22.72,30.36,5.37,12.44262295,22.18,4.44,8.308852459,12.41,0.02,2.474918033,5.93,11.65,23.22688525,35.37
SU,Industrials,1692855.9,France,6.84,6.39,17.19,30.42,58.85,2.06,10.48746269,19.31,5.24,8.780149254,14,5.62,18.44656716,29.53,14.51,37.98704225,56.44
GIS,Consumer Staples,789982.7,United States,9.04,4.15,7.89,21.09,24.8,4.37,11.3125,19.94,3.33,6.481630435,14.87,2.99,9.684673913,19.37,12.05,27.71115789,47.58
SPG,Real Estate,782934.7,United States,4.75,4.88,5.53,15.16,8.35,0.88,4.990283019,10.51,3.27,6.285660377,10.7,0.49,3.953301887,8.91,6.36,15.24453704,26.61
DXCM,Health Care,782854.59,United States,13.04,8.2,5.93,27.18,46.9,5.37,12.44262295,22.18,4.44,8.308852459,12.41,0.02,2.474918033,5.93,11.65,23.22688525,35.37
PRU,Financials,1151321.18,United Kingdom,11.21,8.64,0.62,20.47,22.91,4.87,9.175208333,15.42,5.9,12.0834375,17.51,0.07,1.590729167,3.32,13.16,23.0622449,38.72
BK,Financials,774587.1,United States,9.83,10.87,1.97,22.67,30.22,1.7,9.069777778,16.34,4.82,10.30411111,17.57,0.03,1.442777778,3.4,9.34,21.20516129,36.49
HLT,Consumer Discretionary,774504.36,United States,8.13,3.54,8.11,19.78,20.5,6.81,10.72069767,17.33,3.19,6.826046512,13.48,0.09,5.08372093,14.02,12.1,22.74666667,30.19
CSGP,Industrials,774182.64,United States,14.83,8.07,3.67,26.57,44.76,3.9,10.49356436,17.93,4.18,7.276237624,33.22,0,0.988811881,3.67,10.19,18.86601942,45
KMI,Energy,773960.35,United States,6.04,3.72,8.55,18.31,16.05,5.12,8.647837838,14.31,3.23,5.166486486,7.6,7.91,15.16,22.52,18.31,30.17076923,52.3
PCAR,Industrials,772947.12,United States,17.26,9.38,8.32,34.96,73.72,5.87,12.63,19.63,3.95,7.810943396,10.74,1.98,7.326603774,12.66,15.64,28.0762963,44.46
ORLY,Consumer Discretionary,772474.45,United States,8.32,4.03,0.12,12.47,3.66,3.85,7.463448276,12.52,2.99,5.877758621,10.25,0.03,2.99862069,7.06,9.6,16.51177419,27.42
TRV,Financials,771123.34,United States,9.25,11.14,1.55,21.93,27.68,4.87,9.175208333,15.42,5.9,12.0834375,17.51,0.07,1.590729167,3.32,13.16,23.0622449,38.72
DLR,Real Estate,770304.21,United States,5.38,5.37,3.41,14.15,6.33,0.88,4.990283019,10.51,3.27,6.285660377,10.7,0.49,3.953301887,8.91,6.36,15.24453704,26.61
MSCI,Financials,763581,United States,16.71,5.83,0.11,22.65,30.18,2.46,10.0521875,17.29,3.14,5.4971875,9.24,0,2.8321875,15.43,7.91,18.6730303,28.01
PAYX,Information Technology,760983.75,United States,9.2,6.62,0.11,15.94,9.87,3.9,10.49356436,17.93,4.18,7.276237624,33.22,0,0.988811881,3.67,10.19,18.86601942,45
SNPS,Information Technology,760509.06,United States,9.07,4.37,1.1,14.54,7.18,3.9,10.49356436,17.93,4.18,7.276237624,33.22,0,0.988811881,3.67,10.19,18.86601942,45
ADM,Consumer Staples,752011.7,United States,13.51,4.8,15.91,34.23,71.64,4.37,11.3125,19.94,3.33,6.481630435,14.87,2.99,9.684673913,19.37,12.05,27.71115789,47.58
ALXN,Health Care,749943.04,United States,11.97,6.81,0.12,18.9,17.67,3.6,16.082,23.67,5.23,9.976375,17.67,0.01,1.212875,3.1,11.18,27.7054878,49.3
YUM,Consumer Discretionary,745562.96,United States,12.9,4.42,3.99,21.31,25.52,6.81,10.72069767,17.33,3.19,6.826046512,13.48,0.09,5.08372093,14.02,12.1,22.74666667,30.19
NTR,Materials,736487.63,Canada,11.58,6.59,17.98,36.16,76.81,0.84,6.848831169,17.44,3.52,7.890909091,11.23,4.38,13.58038961,22.11,10.01,28.30820513,48.49
SLB,Energy,731144.96,United States,8.76,7.33,10.25,26.34,43.98,6.65,8.59625,12.73,6.68,8.495,10.58,6.41,9.3625,13.11,21.11,28.381,41.96
DFS,Financials,730421.44,United States,13.64,9.82,0.11,23.56,33.35,1.7,9.069777778,16.34,4.82,10.30411111,17.57,0.03,1.442777778,3.4,9.34,21.20516129,36.49
ALL,Financials,728598.51,United States,8.71,12.68,1.62,23.01,31.35,4.87,9.175208333,15.42,5.9,12.0834375,17.51,0.07,1.590729167,3.32,13.16,23.0622449,38.72
XEL,Utilities,724863.51,United States,8.73,4.27,16.26,29.26,54.41,2.88,10.80970874,29.63,3.77,6.713106796,10.58,1.82,13.91543689,28.88,9.36,31.41775701,67.39
XLNX,Information Technology,720272,United States,5.88,7.72,9.09,22.68,30.24,3.42,6.385757576,9.51,4.87,7.002727273,9.98,2.33,8.554848485,16.79,12.75,21.9430303,34.05
MRVL,Information Technology,715824.72,United States,7.48,6.45,6.2,20.13,21.71,3.42,6.385757576,9.51,4.87,7.002727273,9.98,2.33,8.554848485,16.79,12.75,21.9430303,34.05
IQV,Health Care,714365.55,United States,12.54,7.07,1.5,21.11,24.9,3.6,16.082,23.67,5.23,9.976375,17.67,0.01,1.212875,3.1,11.18,27.7054878,49.3
FRC,Financials,709612.8,United States,10.96,11.77,1.91,24.64,37.42,3.89,11.8760119,17.68,5.79,12.22607143,18.65,0.02,1.772380952,3.58,11.65,26.2204,42.58
SWKS,Information Technology,708723.56,United States,9.51,8.32,15.48,33.31,68.74,3.42,6.385757576,9.51,4.87,7.002727273,9.98,2.33,8.554848485,16.79,12.75,21.9430303,34.05
ANSS,Information Technology,706139.28,United States,8.96,4.84,1.13,14.94,7.89,3.9,10.49356436,17.93,4.18,7.276237624,33.22,0,0.988811881,3.67,10.19,18.86601942,45
MSI,Information Technology,703759.5,United States,7.18,5.3,1.97,14.43,6.87,2.39,6.449090909,12.2,3.72,7.539090909,14.1,0.04,3.244,10.02,7.24,17.05464286,26.59
ZBH,Health Care,703201.85,United States,18.9,10.46,4.79,34.16,71.44,5.37,12.44262295,22.18,4.44,8.308852459,12.41,0.02,2.474918033,5.93,11.65,23.22688525,35.37
VLO,Energy,702592.38,United States,6.87,5.41,15.97,28.25,50.63,5.12,8.647837838,14.31,3.23,5.166486486,7.6,7.91,15.16,22.52,18.31,30.17076923,52.3
DHI,Consumer Discretionary,698978.28,United States,7.42,6.1,7.97,21.5,26.21,3.77,6.928888889,9.36,3.6,4.997777778,6.1,3.06,5.923333333,7.97,10.47,17.85111111,22.66
PPG,Materials,697690.5,United States,8.78,7.96,10.17,26.91,46.07,0.84,6.848831169,17.44,3.52,7.890909091,11.23,4.38,13.58038961,22.11,10.01,28.30820513,48.49
AME,Industrials,693338.66,United States,9.95,7.71,8.32,25.98,42.57,4.14,8.959444444,14.56,4.36,7.355,10.49,2.18,5.605555556,9.71,12.53,22.70157895,36.78
SWK,Industrials,692213.76,United States,12.55,8.59,5.72,26.86,45.83,5.87,12.63,19.63,3.95,7.810943396,10.74,1.98,7.326603774,12.66,15.64,28.0762963,44.46
CTAS,Industrials,691597.2,United States,12.45,7.61,5.44,25.49,40.73,2.46,10.0521875,17.29,3.14,5.4971875,9.24,0,2.8321875,15.43,7.91,18.6730303,28.01
TDG,Industrials,689085.36,United States,19.84,8.5,11.25,39.59,84.25,9.94,16.39434783,20.83,4.76,7.369565217,10.08,5.27,8.840434783,11.25,23.98,32.6026087,39.59
Z,Communication,673939,United States,15.2,10.95,3.33,29.48,55.42,3.9,10.49356436,17.93,4.18,7.276237624,33.22,0,0.988811881,3.67,10.19,18.86601942,45
SIVB,Financials,668508.56,United States,12.15,12.75,2.25,27.14,46.77,3.89,11.8760119,17.68,5.79,12.22607143,18.65,0.02,1.772380952,3.58,11.65,26.2204,42.58
WEC,Utilities,665491.35,United States,9.24,5.22,17.85,32.32,65.44,2.88,10.80970874,29.63,3.77,6.713106796,10.58,1.82,13.91543689,28.88,9.36,31.41775701,67.39
WELL,Real Estate,659394.75,United States,3,5.12,3.51,11.63,2.81,0.88,4.990283019,10.51,3.27,6.285660377,10.7,0.49,3.953301887,8.91,6.36,15.24453704,26.61
PXD,Energy,658730.24,United States,9.14,8.8,16.81,34.75,73.05,2.06,10.48746269,19.31,5.24,8.780149254,14,5.62,18.44656716,29.53,14.51,37.98704225,56.44
IFF,Materials,655360.89,United States,5.87,7.57,10.76,24.2,35.75,0.84,6.848831169,17.44,3.52,7.890909091,11.23,4.38,13.58038961,22.11,10.01,28.30820513,48.49
MCK,Health Care,655190.03,United States,8.89,5.36,2.04,16.28,10.67,5.37,12.44262295,22.18,4.44,8.308852459,12.41,0.02,2.474918033,5.93,11.65,23.22688525,35.37
BLL,Materials,654164,United States,1.27,4.09,8.44,13.8,5.63,0.91,1.652727273,2.53,3.44,3.78,4.28,6.78,10.93,13.92,11.73,16.36454545,19.9
PEG,Utilities,653676.05,United States,9.7,5.22,14.46,29.37,54.9,2.88,10.80970874,29.63,3.77,6.713106796,10.58,1.82,13.91543689,28.88,9.36,31.41775701,67.39
WCN,Industrials,650722.83,United States,7.17,4.13,12.75,24.06,35.2,2.46,10.0521875,17.29,3.14,5.4971875,9.24,0,2.8321875,15.43,7.91,18.6730303,28.01
SBAC,Real Estate,650691.48,United States,7.76,7.09,2.36,17.21,12.99,0.88,4.990283019,10.51,3.27,6.285660377,10.7,0.49,3.953301887,8.91,6.36,15.24453704,26.61
AWK,Utilities,649494.99,United States,10.01,5.66,13.35,29.02,53.57,2.88,10.80970874,29.63,3.77,6.713106796,10.58,1.82,13.91543689,28.88,9.36,31.41775701,67.39
ROK,Industrials,649397,United States,10.08,6.69,5.28,22.04,28.06,4.14,8.959444444,14.56,4.36,7.355,10.49,2.18,5.605555556,9.71,12.53,22.70157895,36.78
PANW,Information Technology,646232.33,United States,7.98,5.74,0.75,14.47,6.94,3.9,10.49356436,17.93,4.18,7.276237624,33.22,0,0.988811881,3.67,10.19,18.86601942,45
STT,Financials,641832.57,United States,12.43,8.52,1.56,22.5,29.67,1.7,9.069777778,16.34,4.82,10.30411111,17.57,0.03,1.442777778,3.4,9.34,21.20516129,36.49
AZO,Consumer Discretionary,634657.8,United States,8.12,3.85,0.09,12.07,3.26,3.85,7.463448276,12.52,2.99,5.877758621,10.25,0.03,2.99862069,7.06,9.6,16.51177419,27.42
GLW,Information Technology,633082.98,United States,5.2,6.89,7.91,20,21.18,2.39,6.449090909,12.2,3.72,7.539090909,14.1,0.04,3.244,10.02,7.24,17.05464286,26.59
WMB,Energy,627444.36,United States,8.52,3.23,9.02,20.77,23.75,5.12,8.647837838,14.31,3.23,5.166486486,7.6,7.91,15.16,22.52,18.31,30.17076923,52.3
RMD,Health Care,617771.18,United States,12.5,10.53,4.42,27.44,47.8,5.37,12.44262295,22.18,4.44,8.308852459,12.41,0.02,2.474918033,5.93,11.65,23.22688525,35.37
KEYS,Information Technology,611806.1,United States,2.39,5.26,1.85,9.5,1.56,2.39,6.449090909,12.2,3.72,7.539090909,14.1,0.04,3.244,10.02,7.24,17.05464286,26.59
SLF,Financials,610247.02,Canada,6.58,7.91,1.02,15.52,9,4.87,9.175208333,15.42,5.9,12.0834375,17.51,0.07,1.590729167,3.32,13.16,23.0622449,38.72
URI,Industrials,609112.84,United States,6.52,6.05,4.52,17.08,12.64,5.57,7.501764706,10.43,5.31,7.176470588,9.01,2.96,6.205882353,9.11,14.78,20.88470588,28.38
LYB,Materials,606710.31,United States,2.8,7.12,16.28,26.2,43.5,0.84,6.848831169,17.44,3.52,7.890909091,11.23,4.38,13.58038961,22.11,10.01,28.30820513,48.49
CBRE,Real Estate,603066.45,United States,2.75,3.58,2.34,8.67,1.36,0.88,4.990283019,10.51,3.27,6.285660377,10.7,0.49,3.953301887,8.91,6.36,15.24453704,26.61
AMP,Financials,596331.82,United States,10.66,12.84,2.3,25.8,41.75,1.7,9.069777778,16.34,4.82,10.30411111,17.57,0.03,1.442777778,3.4,9.34,21.20516129,36.49
WY,Real Estate,595918.08,United States,3.44,4.18,9.27,16.89,12.15,1.75,2.926666667,4.18,3.53,4.687777778,7.13,6.45,10.86,16.85,11.73,18.47333333,28.15
FTNT,Information Technology,587803.83,United States,13.93,6.19,1.36,21.48,26.14,3.9,10.49356436,17.93,4.18,7.276237624,33.22,0,0.988811881,3.67,10.19,18.86601942,45
EQR,Real Estate,583441.38,United States,4.35,4.85,4.78,13.99,6.02,0.88,4.990283019,10.51,3.27,6.285660377,10.7,0.49,3.953301887,8.91,6.36,15.24453704,26.61
BBY,Consumer Discretionary,582359.04,United States,5.17,4.68,2.12,11.97,3.17,3.85,7.463448276,12.52,2.99,5.877758621,10.25,0.03,2.99862069,7.06,9.6,16.51177419,27.42
FITB,Financials,574878.46,United States,13.23,10.44,2.22,25.89,42.17,3.89,11.8760119,17.68,5.79,12.22607143,18.65,0.02,1.772380952,3.58,11.65,26.2204,42.58
VFC,Consumer Discretionary,574104.69,United States,5.75,4.67,0.87,11.29,2.49,3.85,6.1715,8.85,4.66,5.861,8.93,0.04,1.328,4.11,9.64,13.65285714,19.52
KR,Consumer Staples,568216.67,United States,9.33,5.99,5.71,21.03,24.57,4.83,9.694864865,17.2,4.14,6.072972973,7.79,1.92,5.261351351,9.71,11.8,21.25815789,29.74
FAST,Industrials,568174.65,United States,8.66,7.71,8.91,25.27,39.91,5.57,7.501764706,10.43,5.31,7.176470588,9.01,2.96,6.205882353,9.11,14.78,20.88470588,28.38
WLTW,Financials,565991.95,United States,10.21,10.44,0.13,20.78,23.78,4.87,9.175208333,15.42,5.9,12.0834375,17.51,0.07,1.590729167,3.32,13.16,23.0622449,38.72
RACE,Consumer Discretionary,564781.56,Italy,11.79,6.82,6.21,24.82,38.09,3.51,10.62921053,17.31,5.94,9.030263158,16.54,2.27,7.120526316,13.15,12.51,26.77789474,41.06
RSG,Industrials,564644.79,United States,6.04,3.77,11.39,21.2,25.18,2.46,10.0521875,17.29,3.14,5.4971875,9.24,0,2.8321875,15.43,7.91,18.6730303,28.01
HSY,Consumer Staples,564217.6,United States,10.09,5.26,9.66,25.02,38.81,4.37,11.3125,19.94,3.33,6.481630435,14.87,2.99,9.684673913,19.37,12.05,27.71115789,47.58
ES,Utilities,562782.75,United States,10.34,6.25,6.38,22.97,31.18,2.88,10.80970874,29.63,3.77,6.713106796,10.58,1.82,13.91543689,28.88,9.36,31.41775701,67.39
LEN,Consumer Discretionary,562092.1,United States,9.3,5.45,7.91,22.66,30.2,3.77,6.928888889,9.36,3.6,4.997777778,6.1,3.06,5.923333333,7.97,10.47,17.85111111,22.66
FLT,Information Technology,560212.3,United States,11.23,7.17,0.14,18.54,16.76,3.9,10.49356436,17.93,4.18,7.276237624,33.22,0,0.988811881,3.67,10.19,18.86601942,45
LBRDK,Communication,556192.14,United States,9.9,8.43,2.43,20.76,23.74,2.83,7.254,11.39,4.8,7.47025,10.45,0.02,0.52825,3.99,7.71,15.26560976,22.22
EXPE,Consumer Discretionary,556271.1,United States,11.06,8.43,4.06,23.55,33.28,3.85,7.463448276,12.52,2.99,5.877758621,10.25,0.03,2.99862069,7.06,9.6,16.51177419,27.42
AVB,Real Estate,550279.9,United States,2.87,5.26,3.41,11.53,2.73,0.88,4.990283019,10.51,3.27,6.285660377,10.7,0.49,3.953301887,8.91,6.36,15.24453704,26.61
DLTR,Consumer Discretionary,549123.2,United States,8.54,5.91,3.4,17.85,14.81,3.85,7.463448276,12.52,2.99,5.877758621,10.25,0.03,2.99862069,7.06,9.6,16.51177419,27.42
CPRT,Industrials,546219.52,United States,11.76,7.12,4.13,23.01,31.31,2.46,10.0521875,17.29,3.14,5.4971875,9.24,0,2.8321875,15.43,7.91,18.6730303,28.01
MXIM,Information Technology,542528.82,United States,7.92,6.49,8.15,22.57,29.87,3.42,6.385757576,9.51,4.87,7.002727273,9.98,2.33,8.554848485,16.79,12.75,21.9430303,34.05
MTD,Health Care,538132.7,United States,4.73,5.65,0.92,11.3,2.49,3.6,16.082,23.67,5.23,9.976375,17.67,0.01,1.212875,3.1,11.18,27.7054878,49.3
FNV,Materials,532700.97,Canada,3.68,5.7,0.11,9.49,1.55,2.9,11.36133333,26.62,4.58,6.339333333,13.85,0.07,12.38133333,22.84,9.37,30.08066667,63.31
DTE,Communication,1355223.48,Germany,9.4,6.2,15.54,31.14,61.39,2.88,10.80970874,29.63,3.77,6.713106796,10.58,1.82,13.91543689,28.88,9.36,31.41775701,67.39
CLX,Consumer Staples,529384.14,United States,7.92,6.08,8.84,22.84,30.78,4.02,8.002068966,10.56,5.96,7.674137931,10,4.47,8.965172414,13.5,16.44,24.64206897,32.47
OXY,Energy,523415.2,United States,10.85,6.51,19.53,36.89,78.92,2.06,10.48746269,19.31,5.24,8.780149254,14,5.62,18.44656716,29.53,14.51,37.98704225,56.44
KHC,Consumer Staples,522582.39,United States,14.41,6.61,13.28,34.3,71.86,4.37,11.3125,19.94,3.33,6.481630435,14.87,2.99,9.684673913,19.37,12.05,27.71115789,47.58
CERN,Health Care,522076.94,United States,12.89,6.84,0.14,19.87,20.76,5.37,12.44262295,22.18,4.44,8.308852459,12.41,0.02,2.474918033,5.93,11.65,23.22688525,35.37
VRSK,Industrials,522024.1,United States,14.68,6.46,0.11,21.24,25.33,2.46,10.0521875,17.29,3.14,5.4971875,9.24,0,2.8321875,15.43,7.91,18.6730303,28.01
LH,Health Care,519448.45,United States,7.67,6.94,0.67,15.29,8.55,5.37,12.44262295,22.18,4.44,8.308852459,12.41,0.02,2.474918033,5.93,11.65,23.22688525,35.37
CHD,Consumer Staples,518622.4,United States,8.28,7.18,7.28,22.75,30.46,4.02,8.002068966,10.56,5.96,7.674137931,10,4.47,8.965172414,13.5,16.44,24.64206897,32.47
TSCO,Consumer Staples,515304.73,United Kingdom,8.2,4.18,3.3,15.69,9.39,3.85,7.463448276,12.52,2.99,5.877758621,10.25,0.03,2.99862069,7.06,9.6,16.51177419,27.42
TRMB,Information Technology,514245.24,United States,3.82,5.32,3.74,12.89,4.17,2.39,6.449090909,12.2,3.72,7.539090909,14.1,0.04,3.244,10.02,7.24,17.05464286,26.59
VMC,Materials,500910.96,United States,5.17,8.52,15.22,28.91,53.21,2.81,4.475,6.54,5.32,8.310714286,10.6,10.15,15.86785714,21.64,20.61,29.298125,36.67
AJG,Financials,500062.51,United States,11.67,12.73,0.14,24.54,37.15,4.87,9.175208333,15.42,5.9,12.0834375,17.51,0.07,1.590729167,3.32,13.16,23.0622449,38.72
QRVO,Information Technology,497429.1,United States,8.91,7.19,15.88,31.97,64.43,3.42,6.385757576,9.51,4.87,7.002727273,9.98,2.33,8.554848485,16.79,12.75,21.9430303,34.05
RF,Financials,497399.88,United States,9.8,7.84,1.76,19.4,19.3,3.89,11.8760119,17.68,5.79,12.22607143,18.65,0.02,1.772380952,3.58,11.65,26.2204,42.58
MRK,Health Care,4132656.99,United States,11.31,10.78,0.9,22.98,31.22,3.6,16.082,23.67,5.23,9.976375,17.67,0.01,1.212875,3.1,11.18,27.7054878,49.3
MKC,Consumer Staples,489628.04,United States,14.08,5.23,9.07,28.38,51.13,4.37,11.3125,19.94,3.33,6.481630435,14.87,2.99,9.684673913,19.37,12.05,27.71115789,47.58
ED,Utilities,489309.66,United States,13.51,6.64,5.04,25.18,39.52,2.88,10.80970874,29.63,3.77,6.713106796,10.58,1.82,13.91543689,28.88,9.36,31.41775701,67.39
CDW,Information Technology,487680.48,United States,3.45,3.76,3.62,10.84,2.2,2.39,6.449090909,12.2,3.72,7.539090909,14.1,0.04,3.244,10.02,7.24,17.05464286,26.59
KEY,Financials,485790.99,United States,10.98,10.86,2.18,24.01,35.07,3.89,11.8760119,17.68,5.79,12.22607143,18.65,0.02,1.772380952,3.58,11.65,26.2204,42.58
SYF,Financials,483052.42,United States,12.12,7.13,0.14,19.39,19.25,1.7,9.069777778,16.34,4.82,10.30411111,17.57,0.03,1.442777778,3.4,9.34,21.20516129,36.49
IP,Materials,482546.6,United States,4.17,4.86,16.24,25.27,39.85,1.75,2.926666667,4.18,3.53,4.687777778,7.13,6.45,10.86,16.85,11.73,18.47333333,28.15
MLM,Materials,481537.71,United States,4.9,8.72,17.65,31.28,61.85,2.81,4.475,6.54,5.32,8.310714286,10.6,10.15,15.86785714,21.64,20.61,29.298125,36.67
NUE,Materials,480175.5,United States,16.02,9.55,10.6,36.17,76.86,5.78,13.00666667,17.68,5.69,9.115,12.62,10.26,15.93166667,23.47,22.11,38.0525,51.5
FTV,Industrials,478705.36,United States,14.18,5.53,15.45,35.17,74.32,6.28,15.25342857,20.01,5.53,11.10942857,17.67,8.97,16.13685714,21.41,28.04,42.49885714,54.52
KMX,Consumer Discretionary,477614.25,United States,8.9,4.1,0.12,13.12,4.5,3.85,7.463448276,12.52,2.99,5.877758621,10.25,0.03,2.99862069,7.06,9.6,16.51177419,27.42
TSN,Consumer Staples,476710.5,United States,13.47,9.89,12.6,35.96,76.33,4.37,11.3125,19.94,3.33,6.481630435,14.87,2.99,9.684673913,19.37,12.05,27.71115789,47.58
HES,Energy,476414.2,United States,6.33,7.38,15.55,29.26,54.41,2.06,10.48746269,19.31,5.24,8.780149254,14,5.62,18.44656716,29.53,14.51,37.98704225,56.44
TFX,Health Care,474101.76,United States,16.15,7.98,4.64,28.76,52.71,5.37,12.44262295,22.18,4.44,8.308852459,12.41,0.02,2.474918033,5.93,11.65,23.22688525,35.37
KSU,Industrials,474130.17,United States,10.16,3.84,8.61,22.61,30.03,4.94,10.80288889,17.57,2.72,5.473777778,7.53,3.45,8.212888889,13.36,13.89,24.8875,39.23
AES,Utilities,472188,United States,8.31,5.84,20.82,34.97,73.76,2.88,10.80970874,29.63,3.77,6.713106796,10.58,1.82,13.91543689,28.88,9.36,31.41775701,67.39
ESS,Real Estate,469134.72,United States,5.15,6.41,4.41,15.97,9.94,0.88,4.990283019,10.51,3.27,6.285660377,10.7,0.49,3.953301887,8.91,6.36,15.24453704,26.61
HBAN,Financials,461917.5,United States,11.31,7.82,2.05,21.18,25.12,3.89,11.8760119,17.68,5.79,12.22607143,18.65,0.02,1.772380952,3.58,11.65,26.2204,42.58
EFX,Industrials,460693.45,United States,17.29,7.08,0.14,24.51,36.97,2.46,10.0521875,17.29,3.14,5.4971875,9.24,0,2.8321875,15.43,7.91,18.6730303,28.01
GRMN,Consumer Discretionary,459018.13,United States,8.84,4.82,5.87,19.53,19.72,4.53,7.297777778,11.26,4,5.964444444,8.09,0.05,4.567777778,10.03,12.29,18.18684211,27.49
OKE,Energy,458224.86,United States,8.13,3.36,13.6,25.09,39.16,5.12,8.647837838,14.31,3.23,5.166486486,7.6,7.91,15.16,22.52,18.31,30.17076923,52.3
NVR,Consumer Discretionary,457684.5,United States,8.65,5,6.91,20.57,23.19,3.77,6.928888889,9.36,3.6,4.997777778,6.1,3.06,5.923333333,7.97,10.47,17.85111111,22.66
MGM,Consumer Discretionary,453959.68,United States,13.04,11.87,2.44,27.35,47.45,6.81,10.72069767,17.33,3.19,6.826046512,13.48,0.09,5.08372093,14.02,12.1,22.74666667,30.19
O,Real Estate,448654.48,United States,6.34,4.98,5.27,16.59,11.45,0.88,4.990283019,10.51,3.27,6.285660377,10.7,0.49,3.953301887,8.91,6.36,15.24453704,26.61
DELL,Information Technology,447660.9,United States,8.4,7.29,0.38,16.06,10.08,2.39,6.449090909,12.2,3.72,7.539090909,14.1,0.04,3.244,10.02,7.24,17.05464286,26.59
EIX,Utilities,446179.3,United States,11.85,5.8,11.22,28.88,53.15,2.88,10.80970874,29.63,3.77,6.713106796,10.58,1.82,13.91543689,28.88,9.36,31.41775701,67.39
AEE,Utilities,443126.04,United States,12.19,6.4,15.52,34.12,71.3,2.88,10.80970874,29.63,3.77,6.713106796,10.58,1.82,13.91543689,28.88,9.36,31.41775701,67.39
LVS,Consumer Discretionary,442944.2,United States,8.1,8.65,1.94,18.68,17.18,6.81,10.72069767,17.33,3.19,6.826046512,13.48,0.09,5.08372093,14.02,12.1,22.74666667,30.19
XYL,Industrials,442879.36,United States,7.78,5.11,3.53,16.42,11.03,5.87,12.63,19.63,3.95,7.810943396,10.74,1.98,7.326603774,12.66,15.64,28.0762963,44.46
VTR,Real Estate,441607.42,United States,4.03,4.77,3.4,12.2,3.35,0.88,4.990283019,10.51,3.27,6.285660377,10.7,0.49,3.953301887,8.91,6.36,15.24453704,26.61
HIG,Financials,440047.5,United States,7.45,9.64,1.65,18.74,17.31,4.87,9.175208333,15.42,5.9,12.0834375,17.51,0.07,1.590729167,3.32,13.16,23.0622449,38.72
DRI,Consumer Discretionary,439451.2,United States,11.85,4.42,5.93,22.2,28.66,6.81,10.72069767,17.33,3.19,6.826046512,13.48,0.09,5.08372093,14.02,12.1,22.74666667,30.19
WDC,Information Technology,437942.4,United States,4.24,5.6,2.24,12.09,3.27,2.39,6.449090909,12.2,3.72,7.539090909,14.1,0.04,3.244,10.02,7.24,17.05464286,26.59
IAC,Communication,435650.5,United States,15.15,4.72,2.83,26.94,45,4.98,10.803,17.68,4.18,7.4084,33.22,0,0.9788,3.67,10.19,19.35303922,45
CFG,Financials,432502.56,United States,13.07,11.41,1.87,26.34,44.01,3.89,11.8760119,17.68,5.79,12.22607143,18.65,0.02,1.772380952,3.58,11.65,26.2204,42.58
SPLK,Information Technology,428888.88,United States,10.31,5.84,1.32,17.47,13.63,3.9,10.49356436,17.93,4.18,7.276237624,33.22,0,0.988811881,3.67,10.19,18.86601942,45
HOLX,Health Care,424399.92,United States,14.28,11.72,4.45,30.45,58.97,5.37,12.44262295,22.18,4.44,8.308852459,12.41,0.02,2.474918033,5.93,11.65,23.22688525,35.37
ON,Information Technology,424194.54,United States,6.34,5.95,12.75,25.05,38.9,3.42,6.385757576,9.51,4.87,7.002727273,9.98,2.33,8.554848485,16.79,12.75,21.9430303,34.05
NTRS,Financials,424101.72,United States,12.55,10.33,2.24,25.13,39.28,1.7,9.069777778,16.34,4.82,10.30411111,17.57,0.03,1.442777778,3.4,9.34,21.20516129,36.49
EXPD,Industrials,424108.48,United States,9.23,4.73,4.05,18.02,15.26,4.94,10.80288889,17.57,2.72,5.473777778,7.53,3.45,8.212888889,13.36,13.89,24.8875,39.23
ALB,Materials,422328.97,United States,8.91,8.74,19.09,36.74,78.65,0.84,6.848831169,17.44,3.52,7.890909091,11.23,4.38,13.58038961,22.11,10.01,28.30820513,48.49
HAL,Energy,422207.58,United States,8.57,7.73,9.67,25.97,42.48,6.65,8.59625,12.73,6.68,8.495,10.58,6.41,9.3625,13.11,21.11,28.381,41.96
VRSN,Information Technology,422240.66,United States,12.87,6.19,3.04,22.1,28.22,3.9,10.49356436,17.93,4.18,7.276237624,33.22,0,0.988811881,3.67,10.19,18.86601942,45
IT,Information Technology,422141.56,United States,17.12,6.43,0.11,23.66,33.82,2.46,10.0521875,17.29,3.14,5.4971875,9.24,0,2.8321875,15.43,7.91,18.6730303,28.01
ULTA,Consumer Discretionary,421816.92,United States,7.34,5.82,3.74,16.91,12.22,3.85,7.463448276,12.52,2.99,5.877758621,10.25,0.03,2.99862069,7.06,9.6,16.51177419,27.42
DOV,Industrials,421263.28,United States,14.14,6.41,7.79,28.35,51,5.87,12.63,19.63,3.95,7.810943396,10.74,1.98,7.326603774,12.66,15.64,28.0762963,44.46
MTB,Financials,420863,United States,13.4,11.8,2.02,27.23,47.08,3.89,11.8760119,17.68,5.79,12.22607143,18.65,0.02,1.772380952,3.58,11.65,26.2204,42.58
SGEN,Health Care,419974.23,United States,20.34,8.36,0.18,28.87,53.13,3.6,16.082,23.67,5.23,9.976375,17.67,0.01,1.212875,3.1,11.18,27.7054878,49.3
ETR,Utilities,417641.28,United States,8.48,6.32,18.69,33.48,69.31,2.88,10.80970874,29.63,3.77,6.713106796,10.58,1.82,13.91543689,28.88,9.36,31.41775701,67.39
PFG,Financials,417738.86,United States,7.5,11.06,2.11,20.67,23.46,4.87,9.175208333,15.42,5.9,12.0834375,17.51,0.07,1.590729167,3.32,13.16,23.0622449,38.72
ARE,Real Estate,416298.96,United States,6.27,5.86,2.98,15.1,8.23,0.88,4.990283019,10.51,3.27,6.285660377,10.7,0.49,3.953301887,8.91,6.36,15.24453704,26.61
GPC,Consumer Discretionary,414976.44,United States,5.07,3.88,3.68,12.64,3.89,3.85,7.463448276,12.52,2.99,5.877758621,10.25,0.03,2.99862069,7.06,9.6,16.51177419,27.42
STX,Information Technology,415056.64,United States,3.8,5.07,1.59,10.46,1.94,2.39,6.449090909,12.2,3.72,7.539090909,14.1,0.04,3.244,10.02,7.24,17.05464286,26.59
PTC,Information Technology,414834.34,United States,12.72,5.45,1.24,19.41,19.34,3.9,10.49356436,17.93,4.18,7.276237624,33.22,0,0.988811881,3.67,10.19,18.86601942,45
OMC,Communication,414577.28,United States,10.1,7.79,0.07,17.96,15.14,2.83,7.254,11.39,4.8,7.47025,10.45,0.02,0.52825,3.99,7.71,15.26560976,22.22
TSCO,Consumer Staples,515304.73,United Kingdom,8.2,4.18,3.3,15.69,9.39,3.85,7.463448276,12.52,2.99,5.877758621,10.25,0.03,2.99862069,7.06,9.6,16.51177419,27.42
WPM,Materials,412326.11,Canada,2.9,6.42,0.07,9.37,1.52,2.9,11.36133333,26.62,4.58,6.339333333,13.85,0.07,12.38133333,22.84,9.37,30.08066667,63.31
CNHI,Industrials,409355.8,Italy,5.87,6.91,2.86,15.64,9.24,5.87,12.63,19.63,3.95,7.810943396,10.74,1.98,7.326603774,12.66,15.64,28.0762963,44.46
ABC,Health Care,408074.24,United States,5.51,5.72,1.21,12.43,3.63,5.37,12.44262295,22.18,4.44,8.308852459,12.41,0.02,2.474918033,5.93,11.65,23.22688525,35.37
CE,Materials,407088.9,United States,7.71,7.31,14.86,29.87,56.71,0.84,6.848831169,17.44,3.52,7.890909091,11.23,4.38,13.58038961,22.11,10.01,28.30820513,48.49
EMN,Materials,406461.44,United States,5.34,7.05,11.42,23.81,34.45,0.84,6.848831169,17.44,3.52,7.890909091,11.23,4.38,13.58038961,22.11,10.01,28.30820513,48.49
PPL,Utilities,404681.25,United States,10.99,5.47,18.72,35.17,74.34,2.88,10.80970874,29.63,3.77,6.713106796,10.58,1.82,13.91543689,28.88,9.36,31.41775701,67.39
LNG,Energy,404402.56,United States,8.81,3.84,11.49,24.14,35.56,5.12,8.647837838,14.31,3.23,5.166486486,7.6,7.91,15.16,22.52,18.31,30.17076923,52.3
TER,Information Technology,403882.5,United States,6,5.74,6.97,18.7,17.24,3.42,6.385757576,9.51,4.87,7.002727273,9.98,2.33,8.554848485,16.79,12.75,21.9430303,34.05
T,Communication,4395549.73,United States,10.9,6.32,1.85,19.07,18.13,5.72,10.60936508,15.43,3.61,7.358095238,9.35,1.22,4.267301587,7.87,12.67,22.42119403,31.07
MKL,Financials,399245.53,United States,12.63,17.51,2.6,32.74,66.81,4.87,9.175208333,15.42,5.9,12.0834375,17.51,0.07,1.590729167,3.32,13.16,23.0622449,38.72
ALL,Financials,728598.51,United States,8.71,12.68,1.62,23.01,31.35,4.87,9.175208333,15.42,5.9,12.0834375,17.51,0.07,1.590729167,3.32,13.16,23.0622449,38.72
SSNC,Information Technology,395796.64,United States,14.27,7.84,1.24,23.35,32.54,3.9,10.49356436,17.93,4.18,7.276237624,33.22,0,0.988811881,3.67,10.19,18.86601942,45
CAH,Health Care,395154,United States,5.37,4.44,2.75,12.56,3.82,5.37,12.44262295,22.18,4.44,8.308852459,12.41,0.02,2.474918033,5.93,11.65,23.22688525,35.37
DGX,Health Care,394752,United States,10.08,8.65,0.12,18.85,17.51,5.37,12.44262295,22.18,4.44,8.308852459,12.41,0.02,2.474918033,5.93,11.65,23.22688525,35.37
L,Financials,394439.43,United States,3.44,11.31,0.57,15.32,8.62,1.7,9.069777778,16.34,4.82,10.30411111,17.57,0.03,1.442777778,3.4,9.34,21.20516129,36.49
FFIV,Information Technology,393624.7,United States,11.46,5.32,1.17,17.95,15.11,3.9,10.49356436,17.93,4.18,7.276237624,33.22,0,0.988811881,3.67,10.19,18.86601942,45
CMS,Utilities,392418,United States,9.07,5.37,13.42,27.87,49.32,2.88,10.80970874,29.63,3.77,6.713106796,10.58,1.82,13.91543689,28.88,9.36,31.41775701,67.39
NTAP,Information Technology,391884.8,United States,7.59,6.18,2.67,16.44,11.04,2.39,6.449090909,12.2,3.72,7.539090909,14.1,0.04,3.244,10.02,7.24,17.05464286,26.59
PPL,Utilities,404681.25,United States,10.99,5.47,18.72,35.17,74.34,2.88,10.80970874,29.63,3.77,6.713106796,10.58,1.82,13.91543689,28.88,9.36,31.41775701,67.39
NDAQ,Financials,388771.37,United States,6.73,6.67,1.54,14.94,7.91,1.7,9.069777778,16.34,4.82,10.30411111,17.57,0.03,1.442777778,3.4,9.34,21.20516129,36.49
CCL,Consumer Discretionary,388282.86,United States,9.17,3.86,8.42,21.44,26.01,6.81,10.72069767,17.33,3.19,6.826046512,13.48,0.09,5.08372093,14.02,12.1,22.74666667,30.19
FTS,Utilities,388308.82,Canada,8.55,5.87,14.72,29.13,54.04,2.88,10.80970874,29.63,3.77,6.713106796,10.58,1.82,13.91543689,28.88,9.36,31.41775701,67.39
J,Industrials,387332.76,United States,13.75,7.7,4.34,25.78,41.68,10.71,14.9925,21.67,6.88,11.56791667,16.94,4.34,6.9925,16.56,25.78,33.5525,51.76
CAG,Consumer Staples,385208.27,United States,16.32,5.12,10.49,31.93,64.3,4.37,11.3125,19.94,3.33,6.481630435,14.87,2.99,9.684673913,19.37,12.05,27.71115789,47.58
WAT,Health Care,385226.19,United States,10.67,5.88,1.48,18.03,15.31,3.6,16.082,23.67,5.23,9.976375,17.67,0.01,1.212875,3.1,11.18,27.7054878,49.3
BXP,Real Estate,383631.36,United States,5.09,5.01,3.82,13.91,5.88,0.88,4.990283019,10.51,3.27,6.285660377,10.7,0.49,3.953301887,8.91,6.36,15.24453704,26.61
HPE,Information Technology,381283.8,United States,9.93,6.72,0.69,17.34,13.25,2.39,6.449090909,12.2,3.72,7.539090909,14.1,0.04,3.244,10.02,7.24,17.05464286,26.59
PHM,Consumer Discretionary,376079.9,United States,9.36,4.89,7.71,21.96,27.84,3.77,6.928888889,9.36,3.6,4.997777778,6.1,3.06,5.923333333,7.97,10.47,17.85111111,22.66
ALLY,Financials,373519.44,United States,13.42,10.2,0.11,23.73,34.08,1.7,9.069777778,16.34,4.82,10.30411111,17.57,0.03,1.442777778,3.4,9.34,21.20516129,36.49
PEAK,Real Estate,365630.07,United States,3.03,4.31,3.34,10.69,2.12,0.88,4.990283019,10.51,3.27,6.285660377,10.7,0.49,3.953301887,8.91,6.36,15.24453704,26.61
HRL,Consumer Staples,362498.55,United States,10.16,4.72,10.26,25.14,39.35,4.37,11.3125,19.94,3.33,6.481630435,14.87,2.99,9.684673913,19.37,12.05,27.71115789,47.58
RCL,Consumer Discretionary,361653.75,United States,8.81,4,9.5,22.31,29.01,6.81,10.72069767,17.33,3.19,6.826046512,13.48,0.09,5.08372093,14.02,12.1,22.74666667,30.19
PCG,Utilities,359730.45,United States,26.39,8.35,7.63,42.37,88.7,2.88,10.80970874,29.63,3.77,6.713106796,10.58,1.82,13.91543689,28.88,9.36,31.41775701,67.39
DRE,Real Estate,359481.32,United States,3.92,4.56,4.61,13.09,4.43,0.88,4.990283019,10.51,3.27,6.285660377,10.7,0.49,3.953301887,8.91,6.36,15.24453704,26.61
K,Consumer Staples,359339.74,United States,14.83,4.6,7.45,26.88,45.9,4.37,11.3125,19.94,3.33,6.481630435,14.87,2.99,9.684673913,19.37,12.05,27.71115789,47.58
SJM,Consumer Staples,359154.92,United States,9.85,6.26,11.23,27.34,47.41,4.37,11.3125,19.94,3.33,6.481630435,14.87,2.99,9.684673913,19.37,12.05,27.71115789,47.58
MAA,Real Estate,359115.46,United States,7.12,5.64,6.03,18.79,17.42,0.88,4.990283019,10.51,3.27,6.285660377,10.7,0.49,3.953301887,8.91,6.36,15.24453704,26.61
INCY,Health Care,359053.8,United States,18.26,7.64,0.11,26.01,42.78,3.6,16.082,23.67,5.23,9.976375,17.67,0.01,1.212875,3.1,11.18,27.7054878,49.3
QSR,Consumer Discretionary,358312.11,Canada,11.59,6.45,5.47,23.5,33.14,6.81,10.72069767,17.33,3.19,6.826046512,13.48,0.09,5.08372093,14.02,12.1,22.74666667,30.19
RJF,Financials,358223.62,United States,12.19,13.76,1.73,27.68,48.57,1.7,9.069777778,16.34,4.82,10.30411111,17.57,0.03,1.442777778,3.4,9.34,21.20516129,36.49
WYNN,Consumer Discretionary,357748.2,United States,11.69,11.54,3.53,26.75,45.47,6.81,10.72069767,17.33,3.19,6.826046512,13.48,0.09,5.08372093,14.02,12.1,22.74666667,30.19
WRB,Financials,355338.8,United States,7.59,14.34,2.04,23.97,34.96,4.87,9.175208333,15.42,5.9,12.0834375,17.51,0.07,1.590729167,3.32,13.16,23.0622449,38.72
TXT,Industrials,354473,United States,18.28,7.16,9.8,35.24,74.5,9.94,16.39434783,20.83,4.76,7.369565217,10.08,5.27,8.840434783,11.25,23.98,32.6026087,39.59
GWW,Industrials,353769.9,United States,5.57,6.05,3.16,14.78,7.6,5.57,7.501764706,10.43,5.31,7.176470588,9.01,2.96,6.205882353,9.11,14.78,20.88470588,28.38
IPG,Communication,353460.8,United States,9.79,5.95,0.05,15.79,9.6,2.83,7.254,11.39,4.8,7.47025,10.45,0.02,0.52825,3.99,7.71,15.26560976,22.22
JBHT,Industrials,351336.96,United States,5.63,5.4,4.37,15.4,8.76,4.94,10.80288889,17.57,2.72,5.473777778,7.53,3.45,8.212888889,13.36,13.89,24.8875,39.23
MAS,Industrials,350628,United States,3.1,6.14,10.57,19.8,20.54,1.16,2.879230769,5.78,5.32,6.373076923,8.87,5.24,8.980769231,13.9,11.81,18.23,24.92
LKQ,Consumer Discretionary,348218.6,United States,5.46,3.73,4.57,13.75,5.56,3.85,7.463448276,12.52,2.99,5.877758621,10.25,0.03,2.99862069,7.06,9.6,16.51177419,27.42
AKAM,Information Technology,347565.24,United States,11.8,7.53,2.02,21.35,25.65,3.9,10.49356436,17.93,4.18,7.276237624,33.22,0,0.988811881,3.67,10.19,18.86601942,45
SEIC,Financials,346966.7,United States,12.41,11.47,2.96,26.84,45.74,1.7,9.069777778,16.34,4.82,10.30411111,17.57,0.03,1.442777778,3.4,9.34,21.20516129,36.49
FE,Utilities,346789.5,United States,9.83,7.29,17.39,34.51,72.37,2.88,10.80970874,29.63,3.77,6.713106796,10.58,1.82,13.91543689,28.88,9.36,31.41775701,67.39
TRI,Industrials,344092.34,Canada,3.24,6.74,0.03,10.01,1.77,2.83,7.254,11.39,4.8,7.47025,10.45,0.02,0.52825,3.99,7.71,15.26560976,22.22
AVY,Materials,343362.66,United States,1.93,4.08,12.26,18.27,15.96,0.91,1.652727273,2.53,3.44,3.78,4.28,6.78,10.93,13.92,11.73,16.36454545,19.9
CNP,Utilities,342838.3,United States,11.93,5.88,17.85,35.65,75.56,2.88,10.80970874,29.63,3.77,6.713106796,10.58,1.82,13.91543689,28.88,9.36,31.41775701,67.39
UDR,Real Estate,341316,United States,4.23,5.1,3.77,13.1,4.45,0.88,4.990283019,10.51,3.27,6.285660377,10.7,0.49,3.953301887,8.91,6.36,15.24453704,26.61
OTEX,Information Technology,340855.03,Canada,9.19,4.82,1.13,15.14,8.31,3.9,10.49356436,17.93,4.18,7.276237624,33.22,0,0.988811881,3.67,10.19,18.86601942,45
XRAY,Health Care,339436.8,United States,10.42,6.51,3.15,20.07,21.46,5.37,12.44262295,22.18,4.44,8.308852459,12.41,0.02,2.474918033,5.93,11.65,23.22688525,35.37
LNC,Financials,338055.68,United States,8.44,11.45,1.88,21.77,27.1,4.87,9.175208333,15.42,5.9,12.0834375,17.51,0.07,1.590729167,3.32,13.16,23.0622449,38.72
ANET,Information Technology,337936.77,United States,9.06,8.16,0.4,17.62,14.04,2.39,6.449090909,12.2,3.72,7.539090909,14.1,0.04,3.244,10.02,7.24,17.05464286,26.59
CTXS,Information Technology,337964.88,United States,11.25,5.71,1.16,18.11,15.51,3.9,10.49356436,17.93,4.18,7.276237624,33.22,0,0.988811881,3.67,10.19,18.86601942,45
ACGL,Financials,337553.58,United States,6.97,13.05,1.98,21.99,27.93,4.87,9.175208333,15.42,5.9,12.0834375,17.51,0.07,1.590729167,3.32,13.16,23.0622449,38.72
WAB,Industrials,336706.4,United States,14.08,8.02,10.41,32.51,66.02,5.87,12.63,19.63,3.95,7.810943396,10.74,1.98,7.326603774,12.66,15.64,28.0762963,44.46
SNA,Industrials,336419.72,United States,14.1,7.75,10.76,32.61,66.42,5.87,12.63,19.63,3.95,7.810943396,10.74,1.98,7.326603774,12.66,15.64,28.0762963,44.46
BWA,Consumer Discretionary,332416.8,United States,10.84,7.26,5.66,23.76,34.24,2.59,7.127826087,13.51,5.15,7.378695652,10.59,1.58,4.629565217,7.48,8.09,18.94576923,28.79
VAR,Health Care,330423.68,United States,12.82,10.43,3.73,26.98,46.27,5.37,12.44262295,22.18,4.44,8.308852459,12.41,0.02,2.474918033,5.93,11.65,23.22688525,35.37
AEM,Materials,330387.48,Canada,7.75,6.3,13.21,27.26,47.14,2.9,11.36133333,26.62,4.58,6.339333333,13.85,0.07,12.38133333,22.84,9.37,30.08066667,63.31
K,Consumer Staples,359339.74,United States,14.83,4.6,7.45,26.88,45.9,4.37,11.3125,19.94,3.33,6.481630435,14.87,2.99,9.684673913,19.37,12.05,27.71115789,47.58
NRG,Utilities,327849.59,United States,8.95,5.55,17.26,31.75,63.69,2.88,10.80970874,29.63,3.77,6.713106796,10.58,1.82,13.91543689,28.88,9.36,31.41775701,67.39
HAS,Consumer Discretionary,324667.53,United States,6.5,5.74,0.05,12.29,3.49,4.53,7.297777778,11.26,4,5.964444444,8.09,0.05,4.567777778,10.03,12.29,18.18684211,27.49
CHKP,Information Technology,322317.9,Israel,12.14,6.99,1.26,20.39,22.64,3.9,10.49356436,17.93,4.18,7.276237624,33.22,0,0.988811881,3.67,10.19,18.86601942,45
DVN,Energy,318551.84,United States,8.68,7.51,17.7,33.89,70.67,2.06,10.48746269,19.31,5.24,8.780149254,14,5.62,18.44656716,29.53,14.51,37.98704225,56.44
LUMN,Communication,317884.38,United States,12.97,7.7,4.83,25.51,40.8,5.72,10.60936508,15.43,3.61,7.358095238,9.35,1.22,4.267301587,7.87,12.67,22.42119403,31.07
CINF,Financials,315679.14,United States,9.41,14.99,1.71,26.1,43.19,4.87,9.175208333,15.42,5.9,12.0834375,17.51,0.07,1.590729167,3.32,13.16,23.0622449,38.72
WHR,Consumer Discretionary,314057,United States,6.78,4.61,6.74,18.12,15.55,4.53,7.297777778,11.26,4,5.964444444,8.09,0.05,4.567777778,10.03,12.29,18.18684211,27.49
ARW,Information Technology,313756.24,United States,3.02,4.28,2.92,10.23,1.86,2.39,6.449090909,12.2,3.72,7.539090909,14.1,0.04,3.244,10.02,7.24,17.05464286,26.59
FMC,Materials,313036.64,United States,13.54,7.35,17.86,38.75,82.73,0.84,6.848831169,17.44,3.52,7.890909091,11.23,4.38,13.58038961,22.11,10.01,28.30820513,48.49
CHRW,Industrials,309742.92,United States,13.08,6.28,6.38,25.74,41.5,4.94,10.80288889,17.57,2.72,5.473777778,7.53,3.45,8.212888889,13.36,13.89,24.8875,39.23
BMRN,Health Care,309405.33,United States,18.35,7.75,0.12,26.22,43.58,3.6,16.082,23.67,5.23,9.976375,17.67,0.01,1.212875,3.1,11.18,27.7054878,49.3
MRO,Industrials,309013.25,United Kingdom,10.27,8.77,23.08,42.11,88.32,2.06,10.48746269,19.31,5.24,8.780149254,14,5.62,18.44656716,29.53,14.51,37.98704225,56.44
RHI,Industrials,307758.08,United States,7.43,3.79,0.1,11.32,2.52,2.46,10.0521875,17.29,3.14,5.4971875,9.24,0,2.8321875,15.43,7.91,18.6730303,28.01
AAP,Consumer Discretionary,307237.79,United States,8.67,3.33,0.1,12.1,3.29,3.85,7.463448276,12.52,2.99,5.877758621,10.25,0.03,2.99862069,7.06,9.6,16.51177419,27.42
ATO,Utilities,304824.49,United States,12.06,6.82,12.8,31.68,63.37,2.88,10.80970874,29.63,3.77,6.713106796,10.58,1.82,13.91543689,28.88,9.36,31.41775701,67.39
GL,Financials,303742.36,United States,8.61,12.27,2.09,22.98,31.2,4.87,9.175208333,15.42,5.9,12.0834375,17.51,0.07,1.590729167,3.32,13.16,23.0622449,38.72
AIZ,Financials,300636.16,United States,10.65,13.25,1.26,25.15,39.42,4.87,9.175208333,15.42,5.9,12.0834375,17.51,0.07,1.590729167,3.32,13.16,23.0622449,38.72
DPZ,Consumer Discretionary,299813.22,United States,14.75,6.59,5.42,26.76,45.52,6.81,10.72069767,17.33,3.19,6.826046512,13.48,0.09,5.08372093,14.02,12.1,22.74666667,30.19
TEL,Information Technology,887311.14,United States,4.53,5.01,6.74,16.28,10.65,2.39,6.449090909,12.2,3.72,7.539090909,14.1,0.04,3.244,10.02,7.24,17.05464286,26.59
DVA,Health Care,298903.92,United States,12.53,8.79,0.09,21.4,25.86,5.37,12.44262295,22.18,4.44,8.308852459,12.41,0.02,2.474918033,5.93,11.65,23.22688525,35.37
BRO,Financials,298412.35,United States,10.66,14.22,0.18,25.06,39.02,4.87,9.175208333,15.42,5.9,12.0834375,17.51,0.07,1.590729167,3.32,13.16,23.0622449,38.72
FBHS,Industrials,295232.81,United States,3.66,7.35,13.9,24.92,38.41,1.16,2.879230769,5.78,5.32,6.373076923,8.87,5.24,8.980769231,13.9,11.81,18.23,24.92
JNPR,Information Technology,294875.28,United States,9.27,6.4,0.38,16.05,10.06,2.39,6.449090909,12.2,3.72,7.539090909,14.1,0.04,3.244,10.02,7.24,17.05464286,26.59
AGNC,Financials,293048.28,United States,4.44,10.29,3.4,18.13,15.58,0.88,4.990283019,10.51,3.27,6.285660377,10.7,0.49,3.953301887,8.91,6.36,15.24453704,26.61
ALLE,Industrials,292962.4,United States,4.23,6.55,11.06,21.83,27.37,1.16,2.879230769,5.78,5.32,6.373076923,8.87,5.24,8.980769231,13.9,11.81,18.23,24.92
CCK,Materials,292582.16,United States,1.16,3.79,6.78,11.73,2.89,0.91,1.652727273,2.53,3.44,3.78,4.28,6.78,10.93,13.92,11.73,16.36454545,19.9
BG,Consumer Staples,291920.16,United States,15.41,5.52,14.68,35.61,75.43,4.37,11.3125,19.94,3.33,6.481630435,14.87,2.99,9.684673913,19.37,12.05,27.71115789,47.58
NLOK,Information Technology,290030.22,United States,10.22,5.42,1.17,16.81,11.96,3.9,10.49356436,17.93,4.18,7.276237624,33.22,0,0.988811881,3.67,10.19,18.86601942,45
JAZZ,Health Care,289517.28,United States,18.41,8.36,0.16,26.94,46.12,3.6,16.082,23.67,5.23,9.976375,17.67,0.01,1.212875,3.1,11.18,27.7054878,49.3
MOS,Materials,289430.72,United States,11.89,8.39,14.72,35,73.83,0.84,6.848831169,17.44,3.52,7.890909091,11.23,4.38,13.58038961,22.11,10.01,28.30820513,48.49
MHK,Consumer Discretionary,285116.48,United States,4.53,4.47,5.47,14.48,6.97,4.53,7.297777778,11.26,4,5.964444444,8.09,0.05,4.567777778,10.03,12.29,18.18684211,27.49
REG,Real Estate,284943.04,United States,3.58,4.69,3.76,12.03,3.2,0.88,4.990283019,10.51,3.27,6.285660377,10.7,0.49,3.953301887,8.91,6.36,15.24453704,26.61
PNR,Industrials,284327.4,United States,15.53,7.56,10.31,33.4,69.04,5.87,12.63,19.63,3.95,7.810943396,10.74,1.98,7.326603774,12.66,15.64,28.0762963,44.46
ALV,Financials,2293485.76,Germany,5.46,7.01,5.24,17.72,14.46,2.59,7.127826087,13.51,5.15,7.378695652,10.59,1.58,4.629565217,7.48,8.09,18.94576923,28.79
PKG,Materials,282280.3,United States,1.41,4.1,9.83,15.34,8.64,0.91,1.652727273,2.53,3.44,3.78,4.28,6.78,10.93,13.92,11.73,16.36454545,19.9
WTRG,Utilities,279492.9,United States,13,6.34,19.35,38.69,82.62,2.88,10.80970874,29.63,3.77,6.713106796,10.58,1.82,13.91543689,28.88,9.36,31.41775701,67.39
RE,Financials,279519.24,United States,7.04,10.16,0.96,18.16,15.64,4.87,9.175208333,15.42,5.9,12.0834375,17.51,0.07,1.590729167,3.32,13.16,23.0622449,38.72
BIO,Health Care,279079.5,United States,12.3,7.25,1.53,21.07,24.75,3.6,16.082,23.67,5.23,9.976375,17.67,0.01,1.212875,3.1,11.18,27.7054878,49.3
NLY,Financials,276474.25,United States,3.33,6.75,6.24,16.31,10.76,0.88,4.990283019,10.51,3.27,6.285660377,10.7,0.49,3.953301887,8.91,6.36,15.24453704,26.61
LDOS,Industrials,276121.44,United States,6.72,5.52,1.31,13.55,5.18,3.9,10.49356436,17.93,4.18,7.276237624,33.22,0,0.988811881,3.67,10.19,18.86601942,45
LII,Industrials,275023.92,United States,10.5,6.6,9.46,26.55,44.68,4.53,7.297777778,11.26,4,5.964444444,8.09,0.05,4.567777778,10.03,12.29,18.18684211,27.49
AFG,Financials,273839.98,United States,10.37,15.93,2.2,28.5,51.65,4.87,9.175208333,15.42,5.9,12.0834375,17.51,0.07,1.590729167,3.32,13.16,23.0622449,38.72
HST,Real Estate,273420,United States,5.71,4.92,3.74,14.36,6.74,0.88,4.990283019,10.51,3.27,6.285660377,10.7,0.49,3.953301887,8.91,6.36,15.24453704,26.61
BR,Information Technology,272578.18,United States,8.38,6.62,0.03,15.03,8.09,3.9,10.49356436,17.93,4.18,7.276237624,33.22,0,0.988811881,3.67,10.19,18.86601942,45
CBOE,Financials,270908,United States,7.19,8.96,2.56,18.65,17.06,1.7,9.069777778,16.34,4.82,10.30411111,17.57,0.03,1.442777778,3.4,9.34,21.20516129,36.49
VER,Real Estate,270665.46,United States,6.16,6.3,5.77,18.23,15.85,0.88,4.990283019,10.51,3.27,6.285660377,10.7,0.49,3.953301887,8.91,6.36,15.24453704,26.61
LNT,Utilities,268955.28,United States,7.38,6.3,14.68,28.37,51.11,2.88,10.80970874,29.63,3.77,6.713106796,10.58,1.82,13.91543689,28.88,9.36,31.41775701,67.39
VMW,Information Technology,267330.27,United States,7.88,5.84,0.78,14.49,7.04,3.9,10.49356436,17.93,4.18,7.276237624,33.22,0,0.988811881,3.67,10.19,18.86601942,45
NWSA,Communication,266896.42,United States,5.72,8.6,0.08,14.4,6.81,2.83,7.254,11.39,4.8,7.47025,10.45,0.02,0.52825,3.99,7.71,15.26560976,22.22
FNF,Financials,266679.93,United States,9.03,14.51,2.89,26.43,44.26,4.87,9.175208333,15.42,5.9,12.0834375,17.51,0.07,1.590729167,3.32,13.16,23.0622449,38.72
COO,Health Care,265502.58,United States,10.73,7,3.1,20.84,24,5.37,12.44262295,22.18,4.44,8.308852459,12.41,0.02,2.474918033,5.93,11.65,23.22688525,35.37
CF,Materials,264779.52,United States,9.2,5.14,18.62,32.96,67.64,0.84,6.848831169,17.44,3.52,7.890909091,11.23,4.38,13.58038961,22.11,10.01,28.30820513,48.49
APA,Utilities,261588.64,Australia,8.88,7.96,21.98,38.81,82.83,2.06,10.48746269,19.31,5.24,8.780149254,14,5.62,18.44656716,29.53,14.51,37.98704225,56.44
WPC,Real Estate,260680,United States,6.5,5.15,5.09,16.73,11.78,0.88,4.990283019,10.51,3.27,6.285660377,10.7,0.49,3.953301887,8.91,6.36,15.24453704,26.61
VNO,Real Estate,260257.5,United States,4.68,6.47,2.45,13.59,5.29,0.88,4.990283019,10.51,3.27,6.285660377,10.7,0.49,3.953301887,8.91,6.36,15.24453704,26.61
RPM,Materials,255487.4,United States,13.29,10.99,22.11,46.39,93.85,0.84,6.848831169,17.44,3.52,7.890909091,11.23,4.38,13.58038961,22.11,10.01,28.30820513,48.49
IPGP,Information Technology,252691.65,United States,4.08,5.97,3.43,13.48,5.01,2.39,6.449090909,12.2,3.72,7.539090909,14.1,0.04,3.244,10.02,7.24,17.05464286,26.59
HSIC,Health Care,251936.46,United States,5.68,5.68,3.65,15.01,8.02,5.37,12.44262295,22.18,4.44,8.308852459,12.41,0.02,2.474918033,5.93,11.65,23.22688525,35.37
PNW,Utilities,249190.59,United States,10.49,6.15,11.72,28.37,51.1,2.88,10.80970874,29.63,3.77,6.713106796,10.58,1.82,13.91543689,28.88,9.36,31.41775701,67.39
IRM,Real Estate,249130.08,United States,4.29,5.35,5.32,14.96,7.95,0.88,4.990283019,10.51,3.27,6.285660377,10.7,0.49,3.953301887,8.91,6.36,15.24453704,26.61
ATO,Utilities,304824.49,United States,12.06,6.82,12.8,31.68,63.37,2.88,10.80970874,29.63,3.77,6.713106796,10.58,1.82,13.91543689,28.88,9.36,31.41775701,67.39
BHC,Health Care,246575.31,Canada,21.57,12.19,2.36,36.11,76.67,3.6,16.082,23.67,5.23,9.976375,17.67,0.01,1.212875,3.1,11.18,27.7054878,49.3
FDS,Financials,246215.96,United States,10.76,7.82,2.72,21.3,25.48,3.9,10.49356436,17.93,4.18,7.276237624,33.22,0,0.988811881,3.67,10.19,18.86601942,45
NWL,Consumer Discretionary,245627.1,United States,5.3,4,6.68,15.98,9.96,4.53,7.297777778,11.26,4,5.964444444,8.09,0.05,4.567777778,10.03,12.29,18.18684211,27.49
WU,Information Technology,245004.78,United States,9.74,6.56,0.11,16.41,11,3.9,10.49356436,17.93,4.18,7.276237624,33.22,0,0.988811881,3.67,10.19,18.86601942,45
DISH,Communication,244818.14,United States,11.34,9.16,1.72,22.22,28.77,2.83,7.254,11.39,4.8,7.47025,10.45,0.02,0.52825,3.99,7.71,15.26560976,22.22
JKHY,Information Technology,244179.27,United States,9.71,5.35,1.24,16.31,10.75,3.9,10.49356436,17.93,4.18,7.276237624,33.22,0,0.988811881,3.67,10.19,18.86601942,45
LEG,Real Estate,243567.02,Germany,17.19,11.17,20.38,48.74,95.68,6.28,15.25342857,20.01,5.53,11.10942857,17.67,8.97,16.13685714,21.41,28.04,42.49885714,54.52
Y,Financials,242021.85,United States,15.42,15.08,3.32,33.82,70.43,4.87,9.175208333,15.42,5.9,12.0834375,17.51,0.07,1.590729167,3.32,13.16,23.0622449,38.72
L,Financials,394439.43,United States,3.44,11.31,0.57,15.32,8.62,1.7,9.069777778,16.34,4.82,10.30411111,17.57,0.03,1.442777778,3.4,9.34,21.20516129,36.49
ADM,Consumer Staples,752011.7,United States,13.51,4.8,15.91,34.23,71.64,4.37,11.3125,19.94,3.33,6.481630435,14.87,2.99,9.684673913,19.37,12.05,27.71115789,47.58
BAH,Industrials,240196.77,United States,14.64,6.81,1.21,22.66,30.19,3.9,10.49356436,17.93,4.18,7.276237624,33.22,0,0.988811881,3.67,10.19,18.86601942,45
UHS,Health Care,236119.05,United States,22.18,9.86,3.33,35.37,74.84,5.37,12.44262295,22.18,4.44,8.308852459,12.41,0.02,2.474918033,5.93,11.65,23.22688525,35.37
DISCA,Communication,235744,United States,9.13,9.12,0.16,18.41,16.37,2.83,7.254,11.39,4.8,7.47025,10.45,0.02,0.52825,3.99,7.71,15.26560976,22.22
LUV,Industrials,234862.2,United States,15.24,6.05,10.14,31.43,62.37,4.94,10.80288889,17.57,2.72,5.473777778,7.53,3.45,8.212888889,13.36,13.89,24.8875,39.23
AMP,Financials,596331.82,United States,10.66,12.84,2.3,25.8,41.75,1.7,9.069777778,16.34,4.82,10.30411111,17.57,0.03,1.442777778,3.4,9.34,21.20516129,36.49
CPB,Consumer Staples,230384,United States,7.79,4.88,9.34,22,27.96,4.37,11.3125,19.94,3.33,6.481630435,14.87,2.99,9.684673913,19.37,12.05,27.71115789,47.58
PKI,Health Care,223375.32,United States,12.75,6.42,1.65,20.82,23.95,3.6,16.082,23.67,5.23,9.976375,17.67,0.01,1.212875,3.1,11.18,27.7054878,49.3
SIRI,Communication,219587.5,United States,8.61,8.19,0.18,16.98,12.41,2.83,7.254,11.39,4.8,7.47025,10.45,0.02,0.52825,3.99,7.71,15.26560976,22.22
OHI,Real Estate,217295.75,United States,5.96,5.75,5.42,17.13,12.74,0.88,4.990283019,10.51,3.27,6.285660377,10.7,0.49,3.953301887,8.91,6.36,15.24453704,26.61
TAP,Consumer Staples,216714.36,United States,7.29,5.62,5.97,18.88,17.61,4.37,11.3125,19.94,3.33,6.481630435,14.87,2.99,9.684673913,19.37,12.05,27.71115789,47.58
MLCO,Consumer Discretionary,210310.4,Hong Kong,10.33,10.26,1.89,22.47,29.55,6.81,10.72069767,17.33,3.19,6.826046512,13.48,0.09,5.08372093,14.02,12.1,22.74666667,30.19
RNR,Financials,207549.54,United States,11.37,13.07,2.98,27.41,47.66,4.87,9.175208333,15.42,5.9,12.0834375,17.51,0.07,1.590729167,3.32,13.16,23.0622449,38.72
RGA,Financials,183844.7,United States,8.52,13.13,2.86,24.51,36.96,4.87,9.175208333,15.42,5.9,12.0834375,17.51,0.07,1.590729167,3.32,13.16,23.0622449,38.72
IMO,Energy,181524.14,Canada,8.17,7.48,17.76,33.41,69.09,2.06,10.48746269,19.31,5.24,8.780149254,14,5.62,18.44656716,29.53,14.51,37.98704225,56.44
BEN,Financials,170750.65,United States,10.5,8.13,1.11,19.74,20.39,1.7,9.069777778,16.34,4.82,10.30411111,17.57,0.03,1.442777778,3.4,9.34,21.20516129,36.49
EXR,Real Estate,170091.74,United States,4.14,5.78,4,13.92,5.9,0.88,4.990283019,10.51,3.27,6.285660377,10.7,0.49,3.953301887,8.91,6.36,15.24453704,26.61
COG,Energy,169464.48,United States,15.58,9.83,24.58,49.98,96.39,2.06,10.48746269,19.31,5.24,8.780149254,14,5.62,18.44656716,29.53,14.51,37.98704225,56.44
H,Utilities,164177.36,Canada,10.75,4.76,11.83,27.35,47.42,6.81,10.72069767,17.33,3.19,6.826046512,13.48,0.09,5.08372093,14.02,12.1,22.74666667,30.19
BCE,Communication,147705.98,Canada,10.51,6.16,2.47,19.13,18.34,5.72,10.60936508,15.43,3.61,7.358095238,9.35,1.22,4.267301587,7.87,12.67,22.42119403,31.07
LBTYA,Communication,147202.68,United States,13.19,8.05,5.78,27.03,46.38,5.72,10.60936508,15.43,3.61,7.358095238,9.35,1.22,4.267301587,7.87,12.67,22.42119403,31.07
GIL,Consumer Discretionary,143508.21,Canada,4.61,5.39,0.87,10.87,2.23,3.85,6.1715,8.85,4.66,5.861,8.93,0.04,1.328,4.11,9.64,13.65285714,19.52
DAL,Industrials,135021.52,United States,11.64,4.6,8.18,24.41,36.59,4.94,10.80288889,17.57,2.72,5.473777778,7.53,3.45,8.212888889,13.36,13.89,24.8875,39.23
ORI,Materials,108227.74,Australia,12.38,17.05,2.51,31.95,64.33,4.87,9.175208333,15.42,5.9,12.0834375,17.51,0.07,1.590729167,3.32,13.16,23.0622449,38.72
IEX,Industrials,59817.24,United States,15.56,7.45,10.4,33.42,69.11,5.87,12.63,19.63,3.95,7.810943396,10.74,1.98,7.326603774,12.66,15.64,28.0762963,44.46
